/* Generated by tools/build-norm-c.mjs -- do not edit by hand.
 *
 * NFKC singleton mappings, taken from the same ICU that backs
 * String.prototype.normalize('NFKC') in the reference JavaScript engine.
 * Canonical composition and reordering are deliberately not here; see
 * docs/16-stage4-token.md for the measurement that bounds what that costs.
 *
 * klattsch is Tony Gies's work, MIT licensed. This file is generated from
 * Unicode data, not from his source, but it exists to serve a translation of
 * it and travels under the same notice.
 */

#include "kl_norm.h"

/* 4965 code points move under NFKC; longest expansion 18 UTF-16 units. */
const uint16_t kl_norm_pool[6986] = {
    0x0020, 0x0020, 0x0308, 0x0061, 0x0020, 0x0304, 0x0032, 0x0033, 0x0020, 0x0301, 0x03BC, 0x0020,
    0x0327, 0x0031, 0x006F, 0x0031, 0x2044, 0x0034, 0x0031, 0x2044, 0x0032, 0x0033, 0x2044, 0x0034,
    0x0049, 0x004A, 0x0069, 0x006A, 0x004C, 0x00B7, 0x006C, 0x00B7, 0x02BC, 0x006E, 0x0073, 0x0044,
    0x017D, 0x0044, 0x017E, 0x0064, 0x017E, 0x004C, 0x004A, 0x004C, 0x006A, 0x006C, 0x006A, 0x004E,
    0x004A, 0x004E, 0x006A, 0x006E, 0x006A, 0x0044, 0x005A, 0x0044, 0x007A, 0x0064, 0x007A, 0x0068,
    0x0266, 0x006A, 0x0072, 0x0279, 0x027B, 0x0281, 0x0077, 0x0079, 0x0020, 0x0306, 0x0020, 0x0307,
    0x0020, 0x030A, 0x0020, 0x0328, 0x0020, 0x0303, 0x0020, 0x030B, 0x0263, 0x006C, 0x0073, 0x0078,
    0x0295, 0x0300, 0x0301, 0x0313, 0x0308, 0x0301, 0x02B9, 0x0020, 0x0345, 0x003B, 0x0020, 0x0301,
    0x0020, 0x0308, 0x0301, 0x00B7, 0x03B2, 0x03B8, 0x03A5, 0x038E, 0x03AB, 0x03C6, 0x03C0, 0x03BA,
    0x03C1, 0x03C2, 0x0398, 0x03B5, 0x03A3, 0x0565, 0x0582, 0x0627, 0x0674, 0x0648, 0x0674, 0x06C7,
    0x0674, 0x064A, 0x0674, 0x0915, 0x093C, 0x0916, 0x093C, 0x0917, 0x093C, 0x091C, 0x093C, 0x0921,
    0x093C, 0x0922, 0x093C, 0x092B, 0x093C, 0x092F, 0x093C, 0x09A1, 0x09BC, 0x09A2, 0x09BC, 0x09AF,
    0x09BC, 0x0A32, 0x0A3C, 0x0A38, 0x0A3C, 0x0A16, 0x0A3C, 0x0A17, 0x0A3C, 0x0A1C, 0x0A3C, 0x0A2B,
    0x0A3C, 0x0B21, 0x0B3C, 0x0B22, 0x0B3C, 0x0E4D, 0x0E32, 0x0ECD, 0x0EB2, 0x0EAB, 0x0E99, 0x0EAB,
    0x0EA1, 0x0F0B, 0x0F42, 0x0FB7, 0x0F4C, 0x0FB7, 0x0F51, 0x0FB7, 0x0F56, 0x0FB7, 0x0F5B, 0x0FB7,
    0x0F40, 0x0FB5, 0x0F71, 0x0F72, 0x0F71, 0x0F74, 0x0FB2, 0x0F80, 0x0FB2, 0x0F71, 0x0F80, 0x0FB3,
    0x0F80, 0x0FB3, 0x0F71, 0x0F80, 0x0F71, 0x0F80, 0x0F92, 0x0FB7, 0x0F9C, 0x0FB7, 0x0FA1, 0x0FB7,
    0x0FA6, 0x0FB7, 0x0FAB, 0x0FB7, 0x0F90, 0x0FB5, 0x10DC, 0x0041, 0x00C6, 0x0042, 0x0044, 0x0045,
    0x018E, 0x0047, 0x0048, 0x0049, 0x004A, 0x004B, 0x004C, 0x004D, 0x004E, 0x004F, 0x0222, 0x0050,
    0x0052, 0x0054, 0x0055, 0x0057, 0x0061, 0x0250, 0x0251, 0x1D02, 0x0062, 0x0064, 0x0065, 0x0259,
    0x025B, 0x025C, 0x0067, 0x006B, 0x006D, 0x014B, 0x006F, 0x0254, 0x1D16, 0x1D17, 0x0070, 0x0074,
    0x0075, 0x1D1D, 0x026F, 0x0076, 0x1D25, 0x03B2, 0x03B3, 0x03B4, 0x03C6, 0x03C7, 0x0069, 0x0072,
    0x0075, 0x0076, 0x03B2, 0x03B3, 0x03C1, 0x03C6, 0x03C7, 0x043D, 0x0252, 0x0063, 0x0255, 0x00F0,
    0x025C, 0x0066, 0x025F, 0x0261, 0x0265, 0x0268, 0x0269, 0x026A, 0x1D7B, 0x029D, 0x026D, 0x1D85,
    0x029F, 0x0271, 0x0270, 0x0272, 0x0273, 0x0274, 0x0275, 0x0278, 0x0282, 0x0283, 0x01AB, 0x0289,
    0x028A, 0x1D1C, 0x028B, 0x028C, 0x007A, 0x0290, 0x0291, 0x0292, 0x03B8, 0x0061, 0x02BE, 0x1E61,
    0x03AC, 0x03AD, 0x03AE, 0x03AF, 0x03CC, 0x03CD, 0x03CE, 0x0386, 0x0020, 0x0313, 0x03B9, 0x0020,
    0x0313, 0x0020, 0x0342, 0x0020, 0x0308, 0x0342, 0x0388, 0x0389, 0x0020, 0x0313, 0x0300, 0x0020,
    0x0313, 0x0301, 0x0020, 0x0313, 0x0342, 0x0390, 0x038A, 0x0020, 0x0314, 0x0300, 0x0020, 0x0314,
    0x0301, 0x0020, 0x0314, 0x0342, 0x03B0, 0x038E, 0x0020, 0x0308, 0x0300, 0x0020, 0x0308, 0x0301,
    0x0060, 0x038C, 0x038F, 0x0020, 0x0301, 0x0020, 0x0314, 0x0020, 0x0020, 0x0020, 0x0020, 0x0020,
    0x0020, 0x0020, 0x0020, 0x0020, 0x0020, 0x0020, 0x2010, 0x0020, 0x0333, 0x002E, 0x002E, 0x002E,
    0x002E, 0x002E, 0x002E, 0x0020, 0x2032, 0x2032, 0x2032, 0x2032, 0x2032, 0x2035, 0x2035, 0x2035,
    0x2035, 0x2035, 0x0021, 0x0021, 0x0020, 0x0305, 0x003F, 0x003F, 0x003F, 0x0021, 0x0021, 0x003F,
    0x2032, 0x2032, 0x2032, 0x2032, 0x0020, 0x0030, 0x0069, 0x0034, 0x0035, 0x0036, 0x0037, 0x0038,
    0x0039, 0x002B, 0x2212, 0x003D, 0x0028, 0x0029, 0x006E, 0x0030, 0x0031, 0x0032, 0x0033, 0x0034,
    0x0035, 0x0036, 0x0037, 0x0038, 0x0039, 0x002B, 0x2212, 0x003D, 0x0028, 0x0029, 0x0061, 0x0065,
    0x006F, 0x0078, 0x0259, 0x0068, 0x006B, 0x006C, 0x006D, 0x006E, 0x0070, 0x0073, 0x0074, 0x0052,
    0x0073, 0x0061, 0x002F, 0x0063, 0x0061, 0x002F, 0x0073, 0x0043, 0x00B0, 0x0043, 0x0063, 0x002F,
    0x006F, 0x0063, 0x002F, 0x0075, 0x0190, 0x00B0, 0x0046, 0x0067, 0x0048, 0x0048, 0x0048, 0x0068,
    0x0127, 0x0049, 0x0049, 0x004C, 0x006C, 0x004E, 0x004E, 0x006F, 0x0050, 0x0051, 0x0052, 0x0052,
    0x0052, 0x0053, 0x004D, 0x0054, 0x0045, 0x004C, 0x0054, 0x004D, 0x005A, 0x03A9, 0x005A, 0x004B,
    0x00C5, 0x0042, 0x0043, 0x0065, 0x0045, 0x0046, 0x004D, 0x006F, 0x05D0, 0x05D1, 0x05D2, 0x05D3,
    0x0069, 0x0046, 0x0041, 0x0058, 0x03C0, 0x03B3, 0x0393, 0x03A0, 0x2211, 0x0044, 0x0064, 0x0065,
    0x0069, 0x006A, 0x0031, 0x2044, 0x0037, 0x0031, 0x2044, 0x0039, 0x0031, 0x2044, 0x0031, 0x0030,
    0x0031, 0x2044, 0x0033, 0x0032, 0x2044, 0x0033, 0x0031, 0x2044, 0x0035, 0x0032, 0x2044, 0x0035,
    0x0033, 0x2044, 0x0035, 0x0034, 0x2044, 0x0035, 0x0031, 0x2044, 0x0036, 0x0035, 0x2044, 0x0036,
    0x0031, 0x2044, 0x0038, 0x0033, 0x2044, 0x0038, 0x0035, 0x2044, 0x0038, 0x0037, 0x2044, 0x0038,
    0x0031, 0x2044, 0x0049, 0x0049, 0x0049, 0x0049, 0x0049, 0x0049, 0x0049, 0x0056, 0x0056, 0x0056,
    0x0049, 0x0056, 0x0049, 0x0049, 0x0056, 0x0049, 0x0049, 0x0049, 0x0049, 0x0058, 0x0058, 0x0058,
    0x0049, 0x0058, 0x0049, 0x0049, 0x004C, 0x0043, 0x0044, 0x004D, 0x0069, 0x0069, 0x0069, 0x0069,
    0x0069, 0x0069, 0x0069, 0x0076, 0x0076, 0x0076, 0x0069, 0x0076, 0x0069, 0x0069, 0x0076, 0x0069,
    0x0069, 0x0069, 0x0069, 0x0078, 0x0078, 0x0078, 0x0069, 0x0078, 0x0069, 0x0069, 0x006C, 0x0063,
    0x0064, 0x006D, 0x0030, 0x2044, 0x0033, 0x222B, 0x222B, 0x222B, 0x222B, 0x222B, 0x222E, 0x222E,
    0x222E, 0x222E, 0x222E, 0x3008, 0x3009, 0x0031, 0x0032, 0x0033, 0x0034, 0x0035, 0x0036, 0x0037,
    0x0038, 0x0039, 0x0031, 0x0030, 0x0031, 0x0031, 0x0031, 0x0032, 0x0031, 0x0033, 0x0031, 0x0034,
    0x0031, 0x0035, 0x0031, 0x0036, 0x0031, 0x0037, 0x0031, 0x0038, 0x0031, 0x0039, 0x0032, 0x0030,
    0x0028, 0x0031, 0x0029, 0x0028, 0x0032, 0x0029, 0x0028, 0x0033, 0x0029, 0x0028, 0x0034, 0x0029,
    0x0028, 0x0035, 0x0029, 0x0028, 0x0036, 0x0029, 0x0028, 0x0037, 0x0029, 0x0028, 0x0038, 0x0029,
    0x0028, 0x0039, 0x0029, 0x0028, 0x0031, 0x0030, 0x0029, 0x0028, 0x0031, 0x0031, 0x0029, 0x0028,
    0x0031, 0x0032, 0x0029, 0x0028, 0x0031, 0x0033, 0x0029, 0x0028, 0x0031, 0x0034, 0x0029, 0x0028,
    0x0031, 0x0035, 0x0029, 0x0028, 0x0031, 0x0036, 0x0029, 0x0028, 0x0031, 0x0037, 0x0029, 0x0028,
    0x0031, 0x0038, 0x0029, 0x0028, 0x0031, 0x0039, 0x0029, 0x0028, 0x0032, 0x0030, 0x0029, 0x0031,
    0x002E, 0x0032, 0x002E, 0x0033, 0x002E, 0x0034, 0x002E, 0x0035, 0x002E, 0x0036, 0x002E, 0x0037,
    0x002E, 0x0038, 0x002E, 0x0039, 0x002E, 0x0031, 0x0030, 0x002E, 0x0031, 0x0031, 0x002E, 0x0031,
    0x0032, 0x002E, 0x0031, 0x0033, 0x002E, 0x0031, 0x0034, 0x002E, 0x0031, 0x0035, 0x002E, 0x0031,
    0x0036, 0x002E, 0x0031, 0x0037, 0x002E, 0x0031, 0x0038, 0x002E, 0x0031, 0x0039, 0x002E, 0x0032,
    0x0030, 0x002E, 0x0028, 0x0061, 0x0029, 0x0028, 0x0062, 0x0029, 0x0028, 0x0063, 0x0029, 0x0028,
    0x0064, 0x0029, 0x0028, 0x0065, 0x0029, 0x0028, 0x0066, 0x0029, 0x0028, 0x0067, 0x0029, 0x0028,
    0x0068, 0x0029, 0x0028, 0x0069, 0x0029, 0x0028, 0x006A, 0x0029, 0x0028, 0x006B, 0x0029, 0x0028,
    0x006C, 0x0029, 0x0028, 0x006D, 0x0029, 0x0028, 0x006E, 0x0029, 0x0028, 0x006F, 0x0029, 0x0028,
    0x0070, 0x0029, 0x0028, 0x0071, 0x0029, 0x0028, 0x0072, 0x0029, 0x0028, 0x0073, 0x0029, 0x0028,
    0x0074, 0x0029, 0x0028, 0x0075, 0x0029, 0x0028, 0x0076, 0x0029, 0x0028, 0x0077, 0x0029, 0x0028,
    0x0078, 0x0029, 0x0028, 0x0079, 0x0029, 0x0028, 0x007A, 0x0029, 0x0041, 0x0042, 0x0043, 0x0044,
    0x0045, 0x0046, 0x0047, 0x0048, 0x0049, 0x004A, 0x004B, 0x004C, 0x004D, 0x004E, 0x004F, 0x0050,
    0x0051, 0x0052, 0x0053, 0x0054, 0x0055, 0x0056, 0x0057, 0x0058, 0x0059, 0x005A, 0x0061, 0x0062,
    0x0063, 0x0064, 0x0065, 0x0066, 0x0067, 0x0068, 0x0069, 0x006A, 0x006B, 0x006C, 0x006D, 0x006E,
    0x006F, 0x0070, 0x0071, 0x0072, 0x0073, 0x0074, 0x0075, 0x0076, 0x0077, 0x0078, 0x0079, 0x007A,
    0x0030, 0x222B, 0x222B, 0x222B, 0x222B, 0x003A, 0x003A, 0x003D, 0x003D, 0x003D, 0x003D, 0x003D,
    0x003D, 0x2ADD, 0x0338, 0x006A, 0x0056, 0x2D61, 0x6BCD, 0x9F9F, 0x4E00, 0x4E28, 0x4E36, 0x4E3F,
    0x4E59, 0x4E85, 0x4E8C, 0x4EA0, 0x4EBA, 0x513F, 0x5165, 0x516B, 0x5182, 0x5196, 0x51AB, 0x51E0,
    0x51F5, 0x5200, 0x529B, 0x52F9, 0x5315, 0x531A, 0x5338, 0x5341, 0x535C, 0x5369, 0x5382, 0x53B6,
    0x53C8, 0x53E3, 0x56D7, 0x571F, 0x58EB, 0x5902, 0x590A, 0x5915, 0x5927, 0x5973, 0x5B50, 0x5B80,
    0x5BF8, 0x5C0F, 0x5C22, 0x5C38, 0x5C6E, 0x5C71, 0x5DDB, 0x5DE5, 0x5DF1, 0x5DFE, 0x5E72, 0x5E7A,
    0x5E7F, 0x5EF4, 0x5EFE, 0x5F0B, 0x5F13, 0x5F50, 0x5F61, 0x5F73, 0x5FC3, 0x6208, 0x6236, 0x624B,
    0x652F, 0x6534, 0x6587, 0x6597, 0x65A4, 0x65B9, 0x65E0, 0x65E5, 0x66F0, 0x6708, 0x6728, 0x6B20,
    0x6B62, 0x6B79, 0x6BB3, 0x6BCB, 0x6BD4, 0x6BDB, 0x6C0F, 0x6C14, 0x6C34, 0x706B, 0x722A, 0x7236,
    0x723B, 0x723F, 0x7247, 0x7259, 0x725B, 0x72AC, 0x7384, 0x7389, 0x74DC, 0x74E6, 0x7518, 0x751F,
    0x7528, 0x7530, 0x758B, 0x7592, 0x7676, 0x767D, 0x76AE, 0x76BF, 0x76EE, 0x77DB, 0x77E2, 0x77F3,
    0x793A, 0x79B8, 0x79BE, 0x7A74, 0x7ACB, 0x7AF9, 0x7C73, 0x7CF8, 0x7F36, 0x7F51, 0x7F8A, 0x7FBD,
    0x8001, 0x800C, 0x8012, 0x8033, 0x807F, 0x8089, 0x81E3, 0x81EA, 0x81F3, 0x81FC, 0x820C, 0x821B,
    0x821F, 0x826E, 0x8272, 0x8278, 0x864D, 0x866B, 0x8840, 0x884C, 0x8863, 0x897E, 0x898B, 0x89D2,
    0x8A00, 0x8C37, 0x8C46, 0x8C55, 0x8C78, 0x8C9D, 0x8D64, 0x8D70, 0x8DB3, 0x8EAB, 0x8ECA, 0x8F9B,
    0x8FB0, 0x8FB5, 0x9091, 0x9149, 0x91C6, 0x91CC, 0x91D1, 0x9577, 0x9580, 0x961C, 0x96B6, 0x96B9,
    0x96E8, 0x9751, 0x975E, 0x9762, 0x9769, 0x97CB, 0x97ED, 0x97F3, 0x9801, 0x98A8, 0x98DB, 0x98DF,
    0x9996, 0x9999, 0x99AC, 0x9AA8, 0x9AD8, 0x9ADF, 0x9B25, 0x9B2F, 0x9B32, 0x9B3C, 0x9B5A, 0x9CE5,
    0x9E75, 0x9E7F, 0x9EA5, 0x9EBB, 0x9EC3, 0x9ECD, 0x9ED1, 0x9EF9, 0x9EFD, 0x9F0E, 0x9F13, 0x9F20,
    0x9F3B, 0x9F4A, 0x9F52, 0x9F8D, 0x9F9C, 0x9FA0, 0x0020, 0x3012, 0x5341, 0x5344, 0x5345, 0x0020,
    0x3099, 0x0020, 0x309A, 0x3088, 0x308A, 0x30B3, 0x30C8, 0x1100, 0x1101, 0x11AA, 0x1102, 0x11AC,
    0x11AD, 0x1103, 0x1104, 0x1105, 0x11B0, 0x11B1, 0x11B2, 0x11B3, 0x11B4, 0x11B5, 0x111A, 0x1106,
    0x1107, 0x1108, 0x1121, 0x1109, 0x110A, 0x110B, 0x110C, 0x110D, 0x110E, 0x110F, 0x1110, 0x1111,
    0x1112, 0x1161, 0x1162, 0x1163, 0x1164, 0x1165, 0x1166, 0x1167, 0x1168, 0x1169, 0x116A, 0x116B,
    0x116C, 0x116D, 0x116E, 0x116F, 0x1170, 0x1171, 0x1172, 0x1173, 0x1174, 0x1175, 0x1160, 0x1114,
    0x1115, 0x11C7, 0x11C8, 0x11CC, 0x11CE, 0x11D3, 0x11D7, 0x11D9, 0x111C, 0x11DD, 0x11DF, 0x111D,
    0x111E, 0x1120, 0x1122, 0x1123, 0x1127, 0x1129, 0x112B, 0x112C, 0x112D, 0x112E, 0x112F, 0x1132,
    0x1136, 0x1140, 0x1147, 0x114C, 0x11F1, 0x11F2, 0x1157, 0x1158, 0x1159, 0x1184, 0x1185, 0x1188,
    0x1191, 0x1192, 0x1194, 0x119E, 0x11A1, 0x4E00, 0x4E8C, 0x4E09, 0x56DB, 0x4E0A, 0x4E2D, 0x4E0B,
    0x7532, 0x4E59, 0x4E19, 0x4E01, 0x5929, 0x5730, 0x4EBA, 0x0028, 0x1100, 0x0029, 0x0028, 0x1102,
    0x0029, 0x0028, 0x1103, 0x0029, 0x0028, 0x1105, 0x0029, 0x0028, 0x1106, 0x0029, 0x0028, 0x1107,
    0x0029, 0x0028, 0x1109, 0x0029, 0x0028, 0x110B, 0x0029, 0x0028, 0x110C, 0x0029, 0x0028, 0x110E,
    0x0029, 0x0028, 0x110F, 0x0029, 0x0028, 0x1110, 0x0029, 0x0028, 0x1111, 0x0029, 0x0028, 0x1112,
    0x0029, 0x0028, 0xAC00, 0x0029, 0x0028, 0xB098, 0x0029, 0x0028, 0xB2E4, 0x0029, 0x0028, 0xB77C,
    0x0029, 0x0028, 0xB9C8, 0x0029, 0x0028, 0xBC14, 0x0029, 0x0028, 0xC0AC, 0x0029, 0x0028, 0xC544,
    0x0029, 0x0028, 0xC790, 0x0029, 0x0028, 0xCC28, 0x0029, 0x0028, 0xCE74, 0x0029, 0x0028, 0xD0C0,
    0x0029, 0x0028, 0xD30C, 0x0029, 0x0028, 0xD558, 0x0029, 0x0028, 0xC8FC, 0x0029, 0x0028, 0xC624,
    0xC804, 0x0029, 0x0028, 0xC624, 0xD6C4, 0x0029, 0x0028, 0x4E00, 0x0029, 0x0028, 0x4E8C, 0x0029,
    0x0028, 0x4E09, 0x0029, 0x0028, 0x56DB, 0x0029, 0x0028, 0x4E94, 0x0029, 0x0028, 0x516D, 0x0029,
    0x0028, 0x4E03, 0x0029, 0x0028, 0x516B, 0x0029, 0x0028, 0x4E5D, 0x0029, 0x0028, 0x5341, 0x0029,
    0x0028, 0x6708, 0x0029, 0x0028, 0x706B, 0x0029, 0x0028, 0x6C34, 0x0029, 0x0028, 0x6728, 0x0029,
    0x0028, 0x91D1, 0x0029, 0x0028, 0x571F, 0x0029, 0x0028, 0x65E5, 0x0029, 0x0028, 0x682A, 0x0029,
    0x0028, 0x6709, 0x0029, 0x0028, 0x793E, 0x0029, 0x0028, 0x540D, 0x0029, 0x0028, 0x7279, 0x0029,
    0x0028, 0x8CA1, 0x0029, 0x0028, 0x795D, 0x0029, 0x0028, 0x52B4, 0x0029, 0x0028, 0x4EE3, 0x0029,
    0x0028, 0x547C, 0x0029, 0x0028, 0x5B66, 0x0029, 0x0028, 0x76E3, 0x0029, 0x0028, 0x4F01, 0x0029,
    0x0028, 0x8CC7, 0x0029, 0x0028, 0x5354, 0x0029, 0x0028, 0x796D, 0x0029, 0x0028, 0x4F11, 0x0029,
    0x0028, 0x81EA, 0x0029, 0x0028, 0x81F3, 0x0029, 0x554F, 0x5E7C, 0x6587, 0x7B8F, 0x0050, 0x0054,
    0x0045, 0x0032, 0x0031, 0x0032, 0x0032, 0x0032, 0x0033, 0x0032, 0x0034, 0x0032, 0x0035, 0x0032,
    0x0036, 0x0032, 0x0037, 0x0032, 0x0038, 0x0032, 0x0039, 0x0033, 0x0030, 0x0033, 0x0031, 0x0033,
    0x0032, 0x0033, 0x0033, 0x0033, 0x0034, 0x0033, 0x0035, 0x1100, 0x1102, 0x1103, 0x1105, 0x1106,
    0x1107, 0x1109, 0x110B, 0x110C, 0x110E, 0x110F, 0x1110, 0x1111, 0x1112, 0xAC00, 0xB098, 0xB2E4,
    0xB77C, 0xB9C8, 0xBC14, 0xC0AC, 0xC544, 0xC790, 0xCC28, 0xCE74, 0xD0C0, 0xD30C, 0xD558, 0xCC38,
    0xACE0, 0xC8FC, 0xC758, 0xC6B0, 0x4E00, 0x4E8C, 0x4E09, 0x56DB, 0x4E94, 0x516D, 0x4E03, 0x516B,
    0x4E5D, 0x5341, 0x6708, 0x706B, 0x6C34, 0x6728, 0x91D1, 0x571F, 0x65E5, 0x682A, 0x6709, 0x793E,
    0x540D, 0x7279, 0x8CA1, 0x795D, 0x52B4, 0x79D8, 0x7537, 0x5973, 0x9069, 0x512A, 0x5370, 0x6CE8,
    0x9805, 0x4F11, 0x5199, 0x6B63, 0x4E0A, 0x4E2D, 0x4E0B, 0x5DE6, 0x53F3, 0x533B, 0x5B97, 0x5B66,
    0x76E3, 0x4F01, 0x8CC7, 0x5354, 0x591C, 0x0033, 0x0036, 0x0033, 0x0037, 0x0033, 0x0038, 0x0033,
    0x0039, 0x0034, 0x0030, 0x0034, 0x0031, 0x0034, 0x0032, 0x0034, 0x0033, 0x0034, 0x0034, 0x0034,
    0x0035, 0x0034, 0x0036, 0x0034, 0x0037, 0x0034, 0x0038, 0x0034, 0x0039, 0x0035, 0x0030, 0x0031,
    0x6708, 0x0032, 0x6708, 0x0033, 0x6708, 0x0034, 0x6708, 0x0035, 0x6708, 0x0036, 0x6708, 0x0037,
    0x6708, 0x0038, 0x6708, 0x0039, 0x6708, 0x0031, 0x0030, 0x6708, 0x0031, 0x0031, 0x6708, 0x0031,
    0x0032, 0x6708, 0x0048, 0x0067, 0x0065, 0x0072, 0x0067, 0x0065, 0x0056, 0x004C, 0x0054, 0x0044,
    0x30A2, 0x30A4, 0x30A6, 0x30A8, 0x30AA, 0x30AB, 0x30AD, 0x30AF, 0x30B1, 0x30B3, 0x30B5, 0x30B7,
    0x30B9, 0x30BB, 0x30BD, 0x30BF, 0x30C1, 0x30C4, 0x30C6, 0x30C8, 0x30CA, 0x30CB, 0x30CC, 0x30CD,
    0x30CE, 0x30CF, 0x30D2, 0x30D5, 0x30D8, 0x30DB, 0x30DE, 0x30DF, 0x30E0, 0x30E1, 0x30E2, 0x30E4,
    0x30E6, 0x30E8, 0x30E9, 0x30EA, 0x30EB, 0x30EC, 0x30ED, 0x30EF, 0x30F0, 0x30F1, 0x30F2, 0x4EE4,
    0x548C, 0x30A2, 0x30D1, 0x30FC, 0x30C8, 0x30A2, 0x30EB, 0x30D5, 0x30A1, 0x30A2, 0x30F3, 0x30DA,
    0x30A2, 0x30A2, 0x30FC, 0x30EB, 0x30A4, 0x30CB, 0x30F3, 0x30B0, 0x30A4, 0x30F3, 0x30C1, 0x30A6,
    0x30A9, 0x30F3, 0x30A8, 0x30B9, 0x30AF, 0x30FC, 0x30C9, 0x30A8, 0x30FC, 0x30AB, 0x30FC, 0x30AA,
    0x30F3, 0x30B9, 0x30AA, 0x30FC, 0x30E0, 0x30AB, 0x30A4, 0x30EA, 0x30AB, 0x30E9, 0x30C3, 0x30C8,
    0x30AB, 0x30ED, 0x30EA, 0x30FC, 0x30AC, 0x30ED, 0x30F3, 0x30AC, 0x30F3, 0x30DE, 0x30AE, 0x30AC,
    0x30AE, 0x30CB, 0x30FC, 0x30AD, 0x30E5, 0x30EA, 0x30FC, 0x30AE, 0x30EB, 0x30C0, 0x30FC, 0x30AD,
    0x30ED, 0x30AD, 0x30ED, 0x30B0, 0x30E9, 0x30E0, 0x30AD, 0x30ED, 0x30E1, 0x30FC, 0x30C8, 0x30EB,
    0x30AD, 0x30ED, 0x30EF, 0x30C3, 0x30C8, 0x30B0, 0x30E9, 0x30E0, 0x30B0, 0x30E9, 0x30E0, 0x30C8,
    0x30F3, 0x30AF, 0x30EB, 0x30BC, 0x30A4, 0x30ED, 0x30AF, 0x30ED, 0x30FC, 0x30CD, 0x30B1, 0x30FC,
    0x30B9, 0x30B3, 0x30EB, 0x30CA, 0x30B3, 0x30FC, 0x30DD, 0x30B5, 0x30A4, 0x30AF, 0x30EB, 0x30B5,
    0x30F3, 0x30C1, 0x30FC, 0x30E0, 0x30B7, 0x30EA, 0x30F3, 0x30B0, 0x30BB, 0x30F3, 0x30C1, 0x30BB,
    0x30F3, 0x30C8, 0x30C0, 0x30FC, 0x30B9, 0x30C7, 0x30B7, 0x30C9, 0x30EB, 0x30C8, 0x30F3, 0x30CA,
    0x30CE, 0x30CE, 0x30C3, 0x30C8, 0x30CF, 0x30A4, 0x30C4, 0x30D1, 0x30FC, 0x30BB, 0x30F3, 0x30C8,
    0x30D1, 0x30FC, 0x30C4, 0x30D0, 0x30FC, 0x30EC, 0x30EB, 0x30D4, 0x30A2, 0x30B9, 0x30C8, 0x30EB,
    0x30D4, 0x30AF, 0x30EB, 0x30D4, 0x30B3, 0x30D3, 0x30EB, 0x30D5, 0x30A1, 0x30E9, 0x30C3, 0x30C9,
    0x30D5, 0x30A3, 0x30FC, 0x30C8, 0x30D6, 0x30C3, 0x30B7, 0x30A7, 0x30EB, 0x30D5, 0x30E9, 0x30F3,
    0x30D8, 0x30AF, 0x30BF, 0x30FC, 0x30EB, 0x30DA, 0x30BD, 0x30DA, 0x30CB, 0x30D2, 0x30D8, 0x30EB,
    0x30C4, 0x30DA, 0x30F3, 0x30B9, 0x30DA, 0x30FC, 0x30B8, 0x30D9, 0x30FC, 0x30BF, 0x30DD, 0x30A4,
    0x30F3, 0x30C8, 0x30DC, 0x30EB, 0x30C8, 0x30DB, 0x30F3, 0x30DD, 0x30F3, 0x30C9, 0x30DB, 0x30FC,
    0x30EB, 0x30DB, 0x30FC, 0x30F3, 0x30DE, 0x30A4, 0x30AF, 0x30ED, 0x30DE, 0x30A4, 0x30EB, 0x30DE,
    0x30C3, 0x30CF, 0x30DE, 0x30EB, 0x30AF, 0x30DE, 0x30F3, 0x30B7, 0x30E7, 0x30F3, 0x30DF, 0x30AF,
    0x30ED, 0x30F3, 0x30DF, 0x30EA, 0x30DF, 0x30EA, 0x30D0, 0x30FC, 0x30EB, 0x30E1, 0x30AC, 0x30E1,
    0x30AC, 0x30C8, 0x30F3, 0x30E1, 0x30FC, 0x30C8, 0x30EB, 0x30E4, 0x30FC, 0x30C9, 0x30E4, 0x30FC,
    0x30EB, 0x30E6, 0x30A2, 0x30F3, 0x30EA, 0x30C3, 0x30C8, 0x30EB, 0x30EA, 0x30E9, 0x30EB, 0x30D4,
    0x30FC, 0x30EB, 0x30FC, 0x30D6, 0x30EB, 0x30EC, 0x30E0, 0x30EC, 0x30F3, 0x30C8, 0x30B2, 0x30F3,
    0x30EF, 0x30C3, 0x30C8, 0x0030, 0x70B9, 0x0031, 0x70B9, 0x0032, 0x70B9, 0x0033, 0x70B9, 0x0034,
    0x70B9, 0x0035, 0x70B9, 0x0036, 0x70B9, 0x0037, 0x70B9, 0x0038, 0x70B9, 0x0039, 0x70B9, 0x0031,
    0x0030, 0x70B9, 0x0031, 0x0031, 0x70B9, 0x0031, 0x0032, 0x70B9, 0x0031, 0x0033, 0x70B9, 0x0031,
    0x0034, 0x70B9, 0x0031, 0x0035, 0x70B9, 0x0031, 0x0036, 0x70B9, 0x0031, 0x0037, 0x70B9, 0x0031,
    0x0038, 0x70B9, 0x0031, 0x0039, 0x70B9, 0x0032, 0x0030, 0x70B9, 0x0032, 0x0031, 0x70B9, 0x0032,
    0x0032, 0x70B9, 0x0032, 0x0033, 0x70B9, 0x0032, 0x0034, 0x70B9, 0x0068, 0x0050, 0x0061, 0x0064,
    0x0061, 0x0041, 0x0055, 0x0062, 0x0061, 0x0072, 0x006F, 0x0056, 0x0070, 0x0063, 0x0064, 0x006D,
    0x0064, 0x006D, 0x0032, 0x0064, 0x006D, 0x0033, 0x0049, 0x0055, 0x5E73, 0x6210, 0x662D, 0x548C,
    0x5927, 0x6B63, 0x660E, 0x6CBB, 0x682A, 0x5F0F, 0x4F1A, 0x793E, 0x0070, 0x0041, 0x006E, 0x0041,
    0x03BC, 0x0041, 0x006D, 0x0041, 0x006B, 0x0041, 0x004B, 0x0042, 0x004D, 0x0042, 0x0047, 0x0042,
    0x0063, 0x0061, 0x006C, 0x006B, 0x0063, 0x0061, 0x006C, 0x0070, 0x0046, 0x006E, 0x0046, 0x03BC,
    0x0046, 0x03BC, 0x0067, 0x006D, 0x0067, 0x006B, 0x0067, 0x0048, 0x007A, 0x006B, 0x0048, 0x007A,
    0x004D, 0x0048, 0x007A, 0x0047, 0x0048, 0x007A, 0x0054, 0x0048, 0x007A, 0x03BC, 0x006C, 0x006D,
    0x006C, 0x0064, 0x006C, 0x006B, 0x006C, 0x0066, 0x006D, 0x006E, 0x006D, 0x03BC, 0x006D, 0x006D,
    0x006D, 0x0063, 0x006D, 0x006B, 0x006D, 0x006D, 0x006D, 0x0032, 0x0063, 0x006D, 0x0032, 0x006D,
    0x0032, 0x006B, 0x006D, 0x0032, 0x006D, 0x006D, 0x0033, 0x0063, 0x006D, 0x0033, 0x006D, 0x0033,
    0x006B, 0x006D, 0x0033, 0x006D, 0x2215, 0x0073, 0x006D, 0x2215, 0x0073, 0x0032, 0x0050, 0x0061,
    0x006B, 0x0050, 0x0061, 0x004D, 0x0050, 0x0061, 0x0047, 0x0050, 0x0061, 0x0072, 0x0061, 0x0064,
    0x0072, 0x0061, 0x0064, 0x2215, 0x0073, 0x0072, 0x0061, 0x0064, 0x2215, 0x0073, 0x0032, 0x0070,
    0x0073, 0x006E, 0x0073, 0x03BC, 0x0073, 0x006D, 0x0073, 0x0070, 0x0056, 0x006E, 0x0056, 0x03BC,
    0x0056, 0x006D, 0x0056, 0x006B, 0x0056, 0x004D, 0x0056, 0x0070, 0x0057, 0x006E, 0x0057, 0x03BC,
    0x0057, 0x006D, 0x0057, 0x006B, 0x0057, 0x004D, 0x0057, 0x006B, 0x03A9, 0x004D, 0x03A9, 0x0061,
    0x002E, 0x006D, 0x002E, 0x0042, 0x0071, 0x0063, 0x0063, 0x0063, 0x0064, 0x0043, 0x2215, 0x006B,
    0x0067, 0x0043, 0x006F, 0x002E, 0x0064, 0x0042, 0x0047, 0x0079, 0x0068, 0x0061, 0x0048, 0x0050,
    0x0069, 0x006E, 0x004B, 0x004B, 0x004B, 0x004D, 0x006B, 0x0074, 0x006C, 0x006D, 0x006C, 0x006E,
    0x006C, 0x006F, 0x0067, 0x006C, 0x0078, 0x006D, 0x0062, 0x006D, 0x0069, 0x006C, 0x006D, 0x006F,
    0x006C, 0x0050, 0x0048, 0x0070, 0x002E, 0x006D, 0x002E, 0x0050, 0x0050, 0x004D, 0x0050, 0x0052,
    0x0073, 0x0072, 0x0053, 0x0076, 0x0057, 0x0062, 0x0056, 0x2215, 0x006D, 0x0041, 0x2215, 0x006D,
    0x0031, 0x65E5, 0x0032, 0x65E5, 0x0033, 0x65E5, 0x0034, 0x65E5, 0x0035, 0x65E5, 0x0036, 0x65E5,
    0x0037, 0x65E5, 0x0038, 0x65E5, 0x0039, 0x65E5, 0x0031, 0x0030, 0x65E5, 0x0031, 0x0031, 0x65E5,
    0x0031, 0x0032, 0x65E5, 0x0031, 0x0033, 0x65E5, 0x0031, 0x0034, 0x65E5, 0x0031, 0x0035, 0x65E5,
    0x0031, 0x0036, 0x65E5, 0x0031, 0x0037, 0x65E5, 0x0031, 0x0038, 0x65E5, 0x0031, 0x0039, 0x65E5,
    0x0032, 0x0030, 0x65E5, 0x0032, 0x0031, 0x65E5, 0x0032, 0x0032, 0x65E5, 0x0032, 0x0033, 0x65E5,
    0x0032, 0x0034, 0x65E5, 0x0032, 0x0035, 0x65E5, 0x0032, 0x0036, 0x65E5, 0x0032, 0x0037, 0x65E5,
    0x0032, 0x0038, 0x65E5, 0x0032, 0x0039, 0x65E5, 0x0033, 0x0030, 0x65E5, 0x0033, 0x0031, 0x65E5,
    0x0067, 0x0061, 0x006C, 0x044A, 0x044C, 0xA76F, 0x0053, 0x0043, 0x0046, 0x0051, 0x0126, 0x0153,
    0xA727, 0xAB37, 0x026B, 0xAB52, 0x028D, 0x8C48, 0x66F4, 0x8ECA, 0x8CC8, 0x6ED1, 0x4E32, 0x53E5,
    0x9F9C, 0x9F9C, 0x5951, 0x91D1, 0x5587, 0x5948, 0x61F6, 0x7669, 0x7F85, 0x863F, 0x87BA, 0x88F8,
    0x908F, 0x6A02, 0x6D1B, 0x70D9, 0x73DE, 0x843D, 0x916A, 0x99F1, 0x4E82, 0x5375, 0x6B04, 0x721B,
    0x862D, 0x9E1E, 0x5D50, 0x6FEB, 0x85CD, 0x8964, 0x62C9, 0x81D8, 0x881F, 0x5ECA, 0x6717, 0x6D6A,
    0x72FC, 0x90CE, 0x4F86, 0x51B7, 0x52DE, 0x64C4, 0x6AD3, 0x7210, 0x76E7, 0x8001, 0x8606, 0x865C,
    0x8DEF, 0x9732, 0x9B6F, 0x9DFA, 0x788C, 0x797F, 0x7DA0, 0x83C9, 0x9304, 0x9E7F, 0x8AD6, 0x58DF,
    0x5F04, 0x7C60, 0x807E, 0x7262, 0x78CA, 0x8CC2, 0x96F7, 0x58D8, 0x5C62, 0x6A13, 0x6DDA, 0x6F0F,
    0x7D2F, 0x7E37, 0x964B, 0x52D2, 0x808B, 0x51DC, 0x51CC, 0x7A1C, 0x7DBE, 0x83F1, 0x9675, 0x8B80,
    0x62CF, 0x6A02, 0x8AFE, 0x4E39, 0x5BE7, 0x6012, 0x7387, 0x7570, 0x5317, 0x78FB, 0x4FBF, 0x5FA9,
    0x4E0D, 0x6CCC, 0x6578, 0x7D22, 0x53C3, 0x585E, 0x7701, 0x8449, 0x8AAA, 0x6BBA, 0x8FB0, 0x6C88,
    0x62FE, 0x82E5, 0x63A0, 0x7565, 0x4EAE, 0x5169, 0x51C9, 0x6881, 0x7CE7, 0x826F, 0x8AD2, 0x91CF,
    0x52F5, 0x5442, 0x5973, 0x5EEC, 0x65C5, 0x6FFE, 0x792A, 0x95AD, 0x9A6A, 0x9E97, 0x9ECE, 0x529B,
    0x66C6, 0x6B77, 0x8F62, 0x5E74, 0x6190, 0x6200, 0x649A, 0x6F23, 0x7149, 0x7489, 0x79CA, 0x7DF4,
    0x806F, 0x8F26, 0x84EE, 0x9023, 0x934A, 0x5217, 0x52A3, 0x54BD, 0x70C8, 0x88C2, 0x8AAA, 0x5EC9,
    0x5FF5, 0x637B, 0x6BAE, 0x7C3E, 0x7375, 0x4EE4, 0x56F9, 0x5BE7, 0x5DBA, 0x601C, 0x73B2, 0x7469,
    0x7F9A, 0x8046, 0x9234, 0x96F6, 0x9748, 0x9818, 0x4F8B, 0x79AE, 0x91B4, 0x96B8, 0x60E1, 0x4E86,
    0x50DA, 0x5BEE, 0x5C3F, 0x6599, 0x6A02, 0x71CE, 0x7642, 0x84FC, 0x907C, 0x9F8D, 0x6688, 0x962E,
    0x5289, 0x677B, 0x67F3, 0x6D41, 0x6E9C, 0x7409, 0x7559, 0x786B, 0x7D10, 0x985E, 0x516D, 0x622E,
    0x9678, 0x502B, 0x5D19, 0x6DEA, 0x8F2A, 0x5F8B, 0x6144, 0x6817, 0x7387, 0x9686, 0x5229, 0x540F,
    0x5C65, 0x6613, 0x674E, 0x68A8, 0x6CE5, 0x7406, 0x75E2, 0x7F79, 0x88CF, 0x88E1, 0x91CC, 0x96E2,
    0x533F, 0x6EBA, 0x541D, 0x71D0, 0x7498, 0x85FA, 0x96A3, 0x9C57, 0x9E9F, 0x6797, 0x6DCB, 0x81E8,
    0x7ACB, 0x7B20, 0x7C92, 0x72C0, 0x7099, 0x8B58, 0x4EC0, 0x8336, 0x523A, 0x5207, 0x5EA6, 0x62D3,
    0x7CD6, 0x5B85, 0x6D1E, 0x66B4, 0x8F3B, 0x884C, 0x964D, 0x898B, 0x5ED3, 0x5140, 0x55C0, 0x585A,
    0x6674, 0x51DE, 0x732A, 0x76CA, 0x793C, 0x795E, 0x7965, 0x798F, 0x9756, 0x7CBE, 0x7FBD, 0x8612,
    0x8AF8, 0x9038, 0x90FD, 0x98EF, 0x98FC, 0x9928, 0x9DB4, 0x90DE, 0x96B7, 0x4FAE, 0x50E7, 0x514D,
    0x52C9, 0x52E4, 0x5351, 0x559D, 0x5606, 0x5668, 0x5840, 0x58A8, 0x5C64, 0x5C6E, 0x6094, 0x6168,
    0x618E, 0x61F2, 0x654F, 0x65E2, 0x6691, 0x6885, 0x6D77, 0x6E1A, 0x6F22, 0x716E, 0x722B, 0x7422,
    0x7891, 0x793E, 0x7949, 0x7948, 0x7950, 0x7956, 0x795D, 0x798D, 0x798E, 0x7A40, 0x7A81, 0x7BC0,
    0x7DF4, 0x7E09, 0x7E41, 0x7F72, 0x8005, 0x81ED, 0x8279, 0x8279, 0x8457, 0x8910, 0x8996, 0x8B01,
    0x8B39, 0x8CD3, 0x8D08, 0x8FB6, 0x9038, 0x96E3, 0x97FF, 0x983B, 0x6075, 0xD850, 0xDEEE, 0x8218,
    0x4E26, 0x51B5, 0x5168, 0x4F80, 0x5145, 0x5180, 0x52C7, 0x52FA, 0x559D, 0x5555, 0x5599, 0x55E2,
    0x585A, 0x58B3, 0x5944, 0x5954, 0x5A62, 0x5B28, 0x5ED2, 0x5ED9, 0x5F69, 0x5FAD, 0x60D8, 0x614E,
    0x6108, 0x618E, 0x6160, 0x61F2, 0x6234, 0x63C4, 0x641C, 0x6452, 0x6556, 0x6674, 0x6717, 0x671B,
    0x6756, 0x6B79, 0x6BBA, 0x6D41, 0x6EDB, 0x6ECB, 0x6F22, 0x701E, 0x716E, 0x77A7, 0x7235, 0x72AF,
    0x732A, 0x7471, 0x7506, 0x753B, 0x761D, 0x761F, 0x76CA, 0x76DB, 0x76F4, 0x774A, 0x7740, 0x78CC,
    0x7AB1, 0x7BC0, 0x7C7B, 0x7D5B, 0x7DF4, 0x7F3E, 0x8005, 0x8352, 0x83EF, 0x8779, 0x8941, 0x8986,
    0x8996, 0x8ABF, 0x8AF8, 0x8ACB, 0x8B01, 0x8AFE, 0x8AED, 0x8B39, 0x8B8A, 0x8D08, 0x8F38, 0x9072,
    0x9199, 0x9276, 0x967C, 0x96E3, 0x9756, 0x97DB, 0x97FF, 0x980B, 0x983B, 0x9B12, 0x9F9C, 0xD84A,
    0xDC4A, 0xD84A, 0xDC44, 0xD84C, 0xDFD5, 0x3B9D, 0x4018, 0x4039, 0xD854, 0xDE49, 0xD857, 0xDCD0,
    0xD85F, 0xDED3, 0x9F43, 0x9F8E, 0x0066, 0x0066, 0x0066, 0x0069, 0x0066, 0x006C, 0x0066, 0x0066,
    0x0069, 0x0066, 0x0066, 0x006C, 0x0073, 0x0074, 0x0073, 0x0074, 0x0574, 0x0576, 0x0574, 0x0565,
    0x0574, 0x056B, 0x057E, 0x0576, 0x0574, 0x056D, 0x05D9, 0x05B4, 0x05F2, 0x05B7, 0x05E2, 0x05D0,
    0x05D3, 0x05D4, 0x05DB, 0x05DC, 0x05DD, 0x05E8, 0x05EA, 0x002B, 0x05E9, 0x05C1, 0x05E9, 0x05C2,
    0x05E9, 0x05BC, 0x05C1, 0x05E9, 0x05BC, 0x05C2, 0x05D0, 0x05B7, 0x05D0, 0x05B8, 0x05D0, 0x05BC,
    0x05D1, 0x05BC, 0x05D2, 0x05BC, 0x05D3, 0x05BC, 0x05D4, 0x05BC, 0x05D5, 0x05BC, 0x05D6, 0x05BC,
    0x05D8, 0x05BC, 0x05D9, 0x05BC, 0x05DA, 0x05BC, 0x05DB, 0x05BC, 0x05DC, 0x05BC, 0x05DE, 0x05BC,
    0x05E0, 0x05BC, 0x05E1, 0x05BC, 0x05E3, 0x05BC, 0x05E4, 0x05BC, 0x05E6, 0x05BC, 0x05E7, 0x05BC,
    0x05E8, 0x05BC, 0x05E9, 0x05BC, 0x05EA, 0x05BC, 0x05D5, 0x05B9, 0x05D1, 0x05BF, 0x05DB, 0x05BF,
    0x05E4, 0x05BF, 0x05D0, 0x05DC, 0x0671, 0x0671, 0x067B, 0x067B, 0x067B, 0x067B, 0x067E, 0x067E,
    0x067E, 0x067E, 0x0680, 0x0680, 0x0680, 0x0680, 0x067A, 0x067A, 0x067A, 0x067A, 0x067F, 0x067F,
    0x067F, 0x067F, 0x0679, 0x0679, 0x0679, 0x0679, 0x06A4, 0x06A4, 0x06A4, 0x06A4, 0x06A6, 0x06A6,
    0x06A6, 0x06A6, 0x0684, 0x0684, 0x0684, 0x0684, 0x0683, 0x0683, 0x0683, 0x0683, 0x0686, 0x0686,
    0x0686, 0x0686, 0x0687, 0x0687, 0x0687, 0x0687, 0x068D, 0x068D, 0x068C, 0x068C, 0x068E, 0x068E,
    0x0688, 0x0688, 0x0698, 0x0698, 0x0691, 0x0691, 0x06A9, 0x06A9, 0x06A9, 0x06A9, 0x06AF, 0x06AF,
    0x06AF, 0x06AF, 0x06B3, 0x06B3, 0x06B3, 0x06B3, 0x06B1, 0x06B1, 0x06B1, 0x06B1, 0x06BA, 0x06BA,
    0x06BB, 0x06BB, 0x06BB, 0x06BB, 0x06C0, 0x06C0, 0x06C1, 0x06C1, 0x06C1, 0x06C1, 0x06BE, 0x06BE,
    0x06BE, 0x06BE, 0x06D2, 0x06D2, 0x06D3, 0x06D3, 0x06AD, 0x06AD, 0x06AD, 0x06AD, 0x06C7, 0x06C7,
    0x06C6, 0x06C6, 0x06C8, 0x06C8, 0x06C7, 0x0674, 0x06CB, 0x06CB, 0x06C5, 0x06C5, 0x06C9, 0x06C9,
    0x06D0, 0x06D0, 0x06D0, 0x06D0, 0x0649, 0x0649, 0x0626, 0x0627, 0x0626, 0x0627, 0x0626, 0x06D5,
    0x0626, 0x06D5, 0x0626, 0x0648, 0x0626, 0x0648, 0x0626, 0x06C7, 0x0626, 0x06C7, 0x0626, 0x06C6,
    0x0626, 0x06C6, 0x0626, 0x06C8, 0x0626, 0x06C8, 0x0626, 0x06D0, 0x0626, 0x06D0, 0x0626, 0x06D0,
    0x0626, 0x0649, 0x0626, 0x0649, 0x0626, 0x0649, 0x06CC, 0x06CC, 0x06CC, 0x06CC, 0x0626, 0x062C,
    0x0626, 0x062D, 0x0626, 0x0645, 0x0626, 0x0649, 0x0626, 0x064A, 0x0628, 0x062C, 0x0628, 0x062D,
    0x0628, 0x062E, 0x0628, 0x0645, 0x0628, 0x0649, 0x0628, 0x064A, 0x062A, 0x062C, 0x062A, 0x062D,
    0x062A, 0x062E, 0x062A, 0x0645, 0x062A, 0x0649, 0x062A, 0x064A, 0x062B, 0x062C, 0x062B, 0x0645,
    0x062B, 0x0649, 0x062B, 0x064A, 0x062C, 0x062D, 0x062C, 0x0645, 0x062D, 0x062C, 0x062D, 0x0645,
    0x062E, 0x062C, 0x062E, 0x062D, 0x062E, 0x0645, 0x0633, 0x062C, 0x0633, 0x062D, 0x0633, 0x062E,
    0x0633, 0x0645, 0x0635, 0x062D, 0x0635, 0x0645, 0x0636, 0x062C, 0x0636, 0x062D, 0x0636, 0x062E,
    0x0636, 0x0645, 0x0637, 0x062D, 0x0637, 0x0645, 0x0638, 0x0645, 0x0639, 0x062C, 0x0639, 0x0645,
    0x063A, 0x062C, 0x063A, 0x0645, 0x0641, 0x062C, 0x0641, 0x062D, 0x0641, 0x062E, 0x0641, 0x0645,
    0x0641, 0x0649, 0x0641, 0x064A, 0x0642, 0x062D, 0x0642, 0x0645, 0x0642, 0x0649, 0x0642, 0x064A,
    0x0643, 0x0627, 0x0643, 0x062C, 0x0643, 0x062D, 0x0643, 0x062E, 0x0643, 0x0644, 0x0643, 0x0645,
    0x0643, 0x0649, 0x0643, 0x064A, 0x0644, 0x062C, 0x0644, 0x062D, 0x0644, 0x062E, 0x0644, 0x0645,
    0x0644, 0x0649, 0x0644, 0x064A, 0x0645, 0x062C, 0x0645, 0x062D, 0x0645, 0x062E, 0x0645, 0x0645,
    0x0645, 0x0649, 0x0645, 0x064A, 0x0646, 0x062C, 0x0646, 0x062D, 0x0646, 0x062E, 0x0646, 0x0645,
    0x0646, 0x0649, 0x0646, 0x064A, 0x0647, 0x062C, 0x0647, 0x0645, 0x0647, 0x0649, 0x0647, 0x064A,
    0x064A, 0x062C, 0x064A, 0x062D, 0x064A, 0x062E, 0x064A, 0x0645, 0x064A, 0x0649, 0x064A, 0x064A,
    0x0630, 0x0670, 0x0631, 0x0670, 0x0649, 0x0670, 0x0020, 0x064C, 0x0651, 0x0020, 0x064D, 0x0651,
    0x0020, 0x064E, 0x0651, 0x0020, 0x064F, 0x0651, 0x0020, 0x0650, 0x0651, 0x0020, 0x0651, 0x0670,
    0x0626, 0x0631, 0x0626, 0x0632, 0x0626, 0x0645, 0x0626, 0x0646, 0x0626, 0x0649, 0x0626, 0x064A,
    0x0628, 0x0631, 0x0628, 0x0632, 0x0628, 0x0645, 0x0628, 0x0646, 0x0628, 0x0649, 0x0628, 0x064A,
    0x062A, 0x0631, 0x062A, 0x0632, 0x062A, 0x0645, 0x062A, 0x0646, 0x062A, 0x0649, 0x062A, 0x064A,
    0x062B, 0x0631, 0x062B, 0x0632, 0x062B, 0x0645, 0x062B, 0x0646, 0x062B, 0x0649, 0x062B, 0x064A,
    0x0641, 0x0649, 0x0641, 0x064A, 0x0642, 0x0649, 0x0642, 0x064A, 0x0643, 0x0627, 0x0643, 0x0644,
    0x0643, 0x0645, 0x0643, 0x0649, 0x0643, 0x064A, 0x0644, 0x0645, 0x0644, 0x0649, 0x0644, 0x064A,
    0x0645, 0x0627, 0x0645, 0x0645, 0x0646, 0x0631, 0x0646, 0x0632, 0x0646, 0x0645, 0x0646, 0x0646,
    0x0646, 0x0649, 0x0646, 0x064A, 0x0649, 0x0670, 0x064A, 0x0631, 0x064A, 0x0632, 0x064A, 0x0645,
    0x064A, 0x0646, 0x064A, 0x0649, 0x064A, 0x064A, 0x0626, 0x062C, 0x0626, 0x062D, 0x0626, 0x062E,
    0x0626, 0x0645, 0x0626, 0x0647, 0x0628, 0x062C, 0x0628, 0x062D, 0x0628, 0x062E, 0x0628, 0x0645,
    0x0628, 0x0647, 0x062A, 0x062C, 0x062A, 0x062D, 0x062A, 0x062E, 0x062A, 0x0645, 0x062A, 0x0647,
    0x062B, 0x0645, 0x062C, 0x062D, 0x062C, 0x0645, 0x062D, 0x062C, 0x062D, 0x0645, 0x062E, 0x062C,
    0x062E, 0x0645, 0x0633, 0x062C, 0x0633, 0x062D, 0x0633, 0x062E, 0x0633, 0x0645, 0x0635, 0x062D,
    0x0635, 0x062E, 0x0635, 0x0645, 0x0636, 0x062C, 0x0636, 0x062D, 0x0636, 0x062E, 0x0636, 0x0645,
    0x0637, 0x062D, 0x0638, 0x0645, 0x0639, 0x062C, 0x0639, 0x0645, 0x063A, 0x062C, 0x063A, 0x0645,
    0x0641, 0x062C, 0x0641, 0x062D, 0x0641, 0x062E, 0x0641, 0x0645, 0x0642, 0x062D, 0x0642, 0x0645,
    0x0643, 0x062C, 0x0643, 0x062D, 0x0643, 0x062E, 0x0643, 0x0644, 0x0643, 0x0645, 0x0644, 0x062C,
    0x0644, 0x062D, 0x0644, 0x062E, 0x0644, 0x0645, 0x0644, 0x0647, 0x0645, 0x062C, 0x0645, 0x062D,
    0x0645, 0x062E, 0x0645, 0x0645, 0x0646, 0x062C, 0x0646, 0x062D, 0x0646, 0x062E, 0x0646, 0x0645,
    0x0646, 0x0647, 0x0647, 0x062C, 0x0647, 0x0645, 0x0647, 0x0670, 0x064A, 0x062C, 0x064A, 0x062D,
    0x064A, 0x062E, 0x064A, 0x0645, 0x064A, 0x0647, 0x0626, 0x0645, 0x0626, 0x0647, 0x0628, 0x0645,
    0x0628, 0x0647, 0x062A, 0x0645, 0x062A, 0x0647, 0x062B, 0x0645, 0x062B, 0x0647, 0x0633, 0x0645,
    0x0633, 0x0647, 0x0634, 0x0645, 0x0634, 0x0647, 0x0643, 0x0644, 0x0643, 0x0645, 0x0644, 0x0645,
    0x0646, 0x0645, 0x0646, 0x0647, 0x064A, 0x0645, 0x064A, 0x0647, 0x0640, 0x064E, 0x0651, 0x0640,
    0x064F, 0x0651, 0x0640, 0x0650, 0x0651, 0x0637, 0x0649, 0x0637, 0x064A, 0x0639, 0x0649, 0x0639,
    0x064A, 0x063A, 0x0649, 0x063A, 0x064A, 0x0633, 0x0649, 0x0633, 0x064A, 0x0634, 0x0649, 0x0634,
    0x064A, 0x062D, 0x0649, 0x062D, 0x064A, 0x062C, 0x0649, 0x062C, 0x064A, 0x062E, 0x0649, 0x062E,
    0x064A, 0x0635, 0x0649, 0x0635, 0x064A, 0x0636, 0x0649, 0x0636, 0x064A, 0x0634, 0x062C, 0x0634,
    0x062D, 0x0634, 0x062E, 0x0634, 0x0645, 0x0634, 0x0631, 0x0633, 0x0631, 0x0635, 0x0631, 0x0636,
    0x0631, 0x0637, 0x0649, 0x0637, 0x064A, 0x0639, 0x0649, 0x0639, 0x064A, 0x063A, 0x0649, 0x063A,
    0x064A, 0x0633, 0x0649, 0x0633, 0x064A, 0x0634, 0x0649, 0x0634, 0x064A, 0x062D, 0x0649, 0x062D,
    0x064A, 0x062C, 0x0649, 0x062C, 0x064A, 0x062E, 0x0649, 0x062E, 0x064A, 0x0635, 0x0649, 0x0635,
    0x064A, 0x0636, 0x0649, 0x0636, 0x064A, 0x0634, 0x062C, 0x0634, 0x062D, 0x0634, 0x062E, 0x0634,
    0x0645, 0x0634, 0x0631, 0x0633, 0x0631, 0x0635, 0x0631, 0x0636, 0x0631, 0x0634, 0x062C, 0x0634,
    0x062D, 0x0634, 0x062E, 0x0634, 0x0645, 0x0633, 0x0647, 0x0634, 0x0647, 0x0637, 0x0645, 0x0633,
    0x062C, 0x0633, 0x062D, 0x0633, 0x062E, 0x0634, 0x062C, 0x0634, 0x062D, 0x0634, 0x062E, 0x0637,
    0x0645, 0x0638, 0x0645, 0x0627, 0x064B, 0x0627, 0x064B, 0x062A, 0x062C, 0x0645, 0x062A, 0x062D,
    0x062C, 0x062A, 0x062D, 0x062C, 0x062A, 0x062D, 0x0645, 0x062A, 0x062E, 0x0645, 0x062A, 0x0645,
    0x062C, 0x062A, 0x0645, 0x062D, 0x062A, 0x0645, 0x062E, 0x062C, 0x0645, 0x062D, 0x062C, 0x0645,
    0x062D, 0x062D, 0x0645, 0x064A, 0x062D, 0x0645, 0x0649, 0x0633, 0x062D, 0x062C, 0x0633, 0x062C,
    0x062D, 0x0633, 0x062C, 0x0649, 0x0633, 0x0645, 0x062D, 0x0633, 0x0645, 0x062D, 0x0633, 0x0645,
    0x062C, 0x0633, 0x0645, 0x0645, 0x0633, 0x0645, 0x0645, 0x0635, 0x062D, 0x062D, 0x0635, 0x062D,
    0x062D, 0x0635, 0x0645, 0x0645, 0x0634, 0x062D, 0x0645, 0x0634, 0x062D, 0x0645, 0x0634, 0x062C,
    0x064A, 0x0634, 0x0645, 0x062E, 0x0634, 0x0645, 0x062E, 0x0634, 0x0645, 0x0645, 0x0634, 0x0645,
    0x0645, 0x0636, 0x062D, 0x0649, 0x0636, 0x062E, 0x0645, 0x0636, 0x062E, 0x0645, 0x0637, 0x0645,
    0x062D, 0x0637, 0x0645, 0x062D, 0x0637, 0x0645, 0x0645, 0x0637, 0x0645, 0x064A, 0x0639, 0x062C,
    0x0645, 0x0639, 0x0645, 0x0645, 0x0639, 0x0645, 0x0645, 0x0639, 0x0645, 0x0649, 0x063A, 0x0645,
    0x0645, 0x063A, 0x0645, 0x064A, 0x063A, 0x0645, 0x0649, 0x0641, 0x062E, 0x0645, 0x0641, 0x062E,
    0x0645, 0x0642, 0x0645, 0x062D, 0x0642, 0x0645, 0x0645, 0x0644, 0x062D, 0x0645, 0x0644, 0x062D,
    0x064A, 0x0644, 0x062D, 0x0649, 0x0644, 0x062C, 0x062C, 0x0644, 0x062C, 0x062C, 0x0644, 0x062E,
    0x0645, 0x0644, 0x062E, 0x0645, 0x0644, 0x0645, 0x062D, 0x0644, 0x0645, 0x062D, 0x0645, 0x062D,
    0x062C, 0x0645, 0x062D, 0x0645, 0x0645, 0x062D, 0x064A, 0x0645, 0x062C, 0x062D, 0x0645, 0x062C,
    0x0645, 0x0645, 0x062E, 0x062C, 0x0645, 0x062E, 0x0645, 0x0645, 0x062C, 0x062E, 0x0647, 0x0645,
    0x062C, 0x0647, 0x0645, 0x0645, 0x0646, 0x062D, 0x0645, 0x0646, 0x062D, 0x0649, 0x0646, 0x062C,
    0x0645, 0x0646, 0x062C, 0x0645, 0x0646, 0x062C, 0x0649, 0x0646, 0x0645, 0x064A, 0x0646, 0x0645,
    0x0649, 0x064A, 0x0645, 0x0645, 0x064A, 0x0645, 0x0645, 0x0628, 0x062E, 0x064A, 0x062A, 0x062C,
    0x064A, 0x062A, 0x062C, 0x0649, 0x062A, 0x062E, 0x064A, 0x062A, 0x062E, 0x0649, 0x062A, 0x0645,
    0x064A, 0x062A, 0x0645, 0x0649, 0x062C, 0x0645, 0x064A, 0x062C, 0x062D, 0x0649, 0x062C, 0x0645,
    0x0649, 0x0633, 0x062E, 0x0649, 0x0635, 0x062D, 0x064A, 0x0634, 0x062D, 0x064A, 0x0636, 0x062D,
    0x064A, 0x0644, 0x062C, 0x064A, 0x0644, 0x0645, 0x064A, 0x064A, 0x062D, 0x064A, 0x064A, 0x062C,
    0x064A, 0x064A, 0x0645, 0x064A, 0x0645, 0x0645, 0x064A, 0x0642, 0x0645, 0x064A, 0x0646, 0x062D,
    0x064A, 0x0642, 0x0645, 0x062D, 0x0644, 0x062D, 0x0645, 0x0639, 0x0645, 0x064A, 0x0643, 0x0645,
    0x064A, 0x0646, 0x062C, 0x062D, 0x0645, 0x062E, 0x064A, 0x0644, 0x062C, 0x0645, 0x0643, 0x0645,
    0x0645, 0x0644, 0x062C, 0x0645, 0x0646, 0x062C, 0x062D, 0x062C, 0x062D, 0x064A, 0x062D, 0x062C,
    0x064A, 0x0645, 0x062C, 0x064A, 0x0641, 0x0645, 0x064A, 0x0628, 0x062D, 0x064A, 0x0643, 0x0645,
    0x0645, 0x0639, 0x062C, 0x0645, 0x0635, 0x0645, 0x0645, 0x0633, 0x062E, 0x064A, 0x0646, 0x062C,
    0x064A, 0x0635, 0x0644, 0x06D2, 0x0642, 0x0644, 0x06D2, 0x0627, 0x0644, 0x0644, 0x0647, 0x0627,
    0x0643, 0x0628, 0x0631, 0x0645, 0x062D, 0x0645, 0x062F, 0x0635, 0x0644, 0x0639, 0x0645, 0x0631,
    0x0633, 0x0648, 0x0644, 0x0639, 0x0644, 0x064A, 0x0647, 0x0648, 0x0633, 0x0644, 0x0645, 0x0635,
    0x0644, 0x0649, 0x0635, 0x0644, 0x0649, 0x0020, 0x0627, 0x0644, 0x0644, 0x0647, 0x0020, 0x0639,
    0x0644, 0x064A, 0x0647, 0x0020, 0x0648, 0x0633, 0x0644, 0x0645, 0x062C, 0x0644, 0x0020, 0x062C,
    0x0644, 0x0627, 0x0644, 0x0647, 0x0631, 0x06CC, 0x0627, 0x0644, 0x002C, 0x3001, 0x3002, 0x003A,
    0x003B, 0x0021, 0x003F, 0x3016, 0x3017, 0x002E, 0x002E, 0x002E, 0x002E, 0x002E, 0x2014, 0x2013,
    0x005F, 0x005F, 0x0028, 0x0029, 0x007B, 0x007D, 0x3014, 0x3015, 0x3010, 0x3011, 0x300A, 0x300B,
    0x3008, 0x3009, 0x300C, 0x300D, 0x300E, 0x300F, 0x005B, 0x005D, 0x0020, 0x0305, 0x0020, 0x0305,
    0x0020, 0x0305, 0x0020, 0x0305, 0x005F, 0x005F, 0x005F, 0x002C, 0x3001, 0x002E, 0x003B, 0x003A,
    0x003F, 0x0021, 0x2014, 0x0028, 0x0029, 0x007B, 0x007D, 0x3014, 0x3015, 0x0023, 0x0026, 0x002A,
    0x002B, 0x002D, 0x003C, 0x003E, 0x003D, 0x005C, 0x0024, 0x0025, 0x0040, 0x0020, 0x064B, 0x0640,
    0x064B, 0x0020, 0x064C, 0x0020, 0x064D, 0x0020, 0x064E, 0x0640, 0x064E, 0x0020, 0x064F, 0x0640,
    0x064F, 0x0020, 0x0650, 0x0640, 0x0650, 0x0020, 0x0651, 0x0640, 0x0651, 0x0020, 0x0652, 0x0640,
    0x0652, 0x0621, 0x0622, 0x0622, 0x0623, 0x0623, 0x0624, 0x0624, 0x0625, 0x0625, 0x0626, 0x0626,
    0x0626, 0x0626, 0x0627, 0x0627, 0x0628, 0x0628, 0x0628, 0x0628, 0x0629, 0x0629, 0x062A, 0x062A,
    0x062A, 0x062A, 0x062B, 0x062B, 0x062B, 0x062B, 0x062C, 0x062C, 0x062C, 0x062C, 0x062D, 0x062D,
    0x062D, 0x062D, 0x062E, 0x062E, 0x062E, 0x062E, 0x062F, 0x062F, 0x0630, 0x0630, 0x0631, 0x0631,
    0x0632, 0x0632, 0x0633, 0x0633, 0x0633, 0x0633, 0x0634, 0x0634, 0x0634, 0x0634, 0x0635, 0x0635,
    0x0635, 0x0635, 0x0636, 0x0636, 0x0636, 0x0636, 0x0637, 0x0637, 0x0637, 0x0637, 0x0638, 0x0638,
    0x0638, 0x0638, 0x0639, 0x0639, 0x0639, 0x0639, 0x063A, 0x063A, 0x063A, 0x063A, 0x0641, 0x0641,
    0x0641, 0x0641, 0x0642, 0x0642, 0x0642, 0x0642, 0x0643, 0x0643, 0x0643, 0x0643, 0x0644, 0x0644,
    0x0644, 0x0644, 0x0645, 0x0645, 0x0645, 0x0645, 0x0646, 0x0646, 0x0646, 0x0646, 0x0647, 0x0647,
    0x0647, 0x0647, 0x0648, 0x0648, 0x0649, 0x0649, 0x064A, 0x064A, 0x064A, 0x064A, 0x0644, 0x0622,
    0x0644, 0x0622, 0x0644, 0x0623, 0x0644, 0x0623, 0x0644, 0x0625, 0x0644, 0x0625, 0x0644, 0x0627,
    0x0644, 0x0627, 0x0021, 0x0022, 0x0023, 0x0024, 0x0025, 0x0026, 0x0027, 0x0028, 0x0029, 0x002A,
    0x002B, 0x002C, 0x002D, 0x002E, 0x002F, 0x0030, 0x0031, 0x0032, 0x0033, 0x0034, 0x0035, 0x0036,
    0x0037, 0x0038, 0x0039, 0x003A, 0x003B, 0x003C, 0x003D, 0x003E, 0x003F, 0x0040, 0x0041, 0x0042,
    0x0043, 0x0044, 0x0045, 0x0046, 0x0047, 0x0048, 0x0049, 0x004A, 0x004B, 0x004C, 0x004D, 0x004E,
    0x004F, 0x0050, 0x0051, 0x0052, 0x0053, 0x0054, 0x0055, 0x0056, 0x0057, 0x0058, 0x0059, 0x005A,
    0x005B, 0x005C, 0x005D, 0x005E, 0x005F, 0x0060, 0x0061, 0x0062, 0x0063, 0x0064, 0x0065, 0x0066,
    0x0067, 0x0068, 0x0069, 0x006A, 0x006B, 0x006C, 0x006D, 0x006E, 0x006F, 0x0070, 0x0071, 0x0072,
    0x0073, 0x0074, 0x0075, 0x0076, 0x0077, 0x0078, 0x0079, 0x007A, 0x007B, 0x007C, 0x007D, 0x007E,
    0x2985, 0x2986, 0x3002, 0x300C, 0x300D, 0x3001, 0x30FB, 0x30F2, 0x30A1, 0x30A3, 0x30A5, 0x30A7,
    0x30A9, 0x30E3, 0x30E5, 0x30E7, 0x30C3, 0x30FC, 0x30A2, 0x30A4, 0x30A6, 0x30A8, 0x30AA, 0x30AB,
    0x30AD, 0x30AF, 0x30B1, 0x30B3, 0x30B5, 0x30B7, 0x30B9, 0x30BB, 0x30BD, 0x30BF, 0x30C1, 0x30C4,
    0x30C6, 0x30C8, 0x30CA, 0x30CB, 0x30CC, 0x30CD, 0x30CE, 0x30CF, 0x30D2, 0x30D5, 0x30D8, 0x30DB,
    0x30DE, 0x30DF, 0x30E0, 0x30E1, 0x30E2, 0x30E4, 0x30E6, 0x30E8, 0x30E9, 0x30EA, 0x30EB, 0x30EC,
    0x30ED, 0x30EF, 0x30F3, 0x3099, 0x309A, 0x1160, 0x1100, 0x1101, 0x11AA, 0x1102, 0x11AC, 0x11AD,
    0x1103, 0x1104, 0x1105, 0x11B0, 0x11B1, 0x11B2, 0x11B3, 0x11B4, 0x11B5, 0x111A, 0x1106, 0x1107,
    0x1108, 0x1121, 0x1109, 0x110A, 0x110B, 0x110C, 0x110D, 0x110E, 0x110F, 0x1110, 0x1111, 0x1112,
    0x1161, 0x1162, 0x1163, 0x1164, 0x1165, 0x1166, 0x1167, 0x1168, 0x1169, 0x116A, 0x116B, 0x116C,
    0x116D, 0x116E, 0x116F, 0x1170, 0x1171, 0x1172, 0x1173, 0x1174, 0x1175, 0x00A2, 0x00A3, 0x00AC,
    0x0020, 0x0304, 0x00A6, 0x00A5, 0x20A9, 0x2502, 0x2190, 0x2191, 0x2192, 0x2193, 0x25A0, 0x25CB,
    0x02D0, 0x02D1, 0x00E6, 0x0299, 0x0253, 0x02A3, 0xAB66, 0x02A5, 0x02A4, 0x0256, 0x0257, 0x1D91,
    0x0258, 0x025E, 0x02A9, 0x0264, 0x0262, 0x0260, 0x029B, 0x0127, 0x029C, 0x0267, 0x0284, 0x02AA,
    0x02AB, 0x026C, 0xD837, 0xDF04, 0xA78E, 0x026E, 0xD837, 0xDF05, 0x028E, 0xD837, 0xDF06, 0x00F8,
    0x0276, 0x0277, 0x0071, 0x027A, 0xD837, 0xDF08, 0x027D, 0x027E, 0x0280, 0x02A8, 0x02A6, 0xAB67,
    0x02A7, 0x0288, 0x2C71, 0x028F, 0x02A1, 0x02A2, 0x0298, 0x01C0, 0x01C1, 0x01C2, 0xD837, 0xDF0A,
    0xD837, 0xDF1E, 0x0041, 0x0042, 0x0043, 0x0044, 0x0045, 0x0046, 0x0047, 0x0048, 0x0049, 0x004A,
    0x004B, 0x004C, 0x004D, 0x004E, 0x004F, 0x0050, 0x0051, 0x0052, 0x0053, 0x0054, 0x0055, 0x0056,
    0x0057, 0x0058, 0x0059, 0x005A, 0x0030, 0x0031, 0x0032, 0x0033, 0x0034, 0x0035, 0x0036, 0x0037,
    0x0038, 0x0039, 0xD834, 0xDD57, 0xD834, 0xDD65, 0xD834, 0xDD58, 0xD834, 0xDD65, 0xD834, 0xDD58,
    0xD834, 0xDD65, 0xD834, 0xDD6E, 0xD834, 0xDD58, 0xD834, 0xDD65, 0xD834, 0xDD6F, 0xD834, 0xDD58,
    0xD834, 0xDD65, 0xD834, 0xDD70, 0xD834, 0xDD58, 0xD834, 0xDD65, 0xD834, 0xDD71, 0xD834, 0xDD58,
    0xD834, 0xDD65, 0xD834, 0xDD72, 0xD834, 0xDDB9, 0xD834, 0xDD65, 0xD834, 0xDDBA, 0xD834, 0xDD65,
    0xD834, 0xDDB9, 0xD834, 0xDD65, 0xD834, 0xDD6E, 0xD834, 0xDDBA, 0xD834, 0xDD65, 0xD834, 0xDD6E,
    0xD834, 0xDDB9, 0xD834, 0xDD65, 0xD834, 0xDD6F, 0xD834, 0xDDBA, 0xD834, 0xDD65, 0xD834, 0xDD6F,
    0x0041, 0x0042, 0x0043, 0x0044, 0x0045, 0x0046, 0x0047, 0x0048, 0x0049, 0x004A, 0x004B, 0x004C,
    0x004D, 0x004E, 0x004F, 0x0050, 0x0051, 0x0052, 0x0053, 0x0054, 0x0055, 0x0056, 0x0057, 0x0058,
    0x0059, 0x005A, 0x0061, 0x0062, 0x0063, 0x0064, 0x0065, 0x0066, 0x0067, 0x0068, 0x0069, 0x006A,
    0x006B, 0x006C, 0x006D, 0x006E, 0x006F, 0x0070, 0x0071, 0x0072, 0x0073, 0x0074, 0x0075, 0x0076,
    0x0077, 0x0078, 0x0079, 0x007A, 0x0041, 0x0042, 0x0043, 0x0044, 0x0045, 0x0046, 0x0047, 0x0048,
    0x0049, 0x004A, 0x004B, 0x004C, 0x004D, 0x004E, 0x004F, 0x0050, 0x0051, 0x0052, 0x0053, 0x0054,
    0x0055, 0x0056, 0x0057, 0x0058, 0x0059, 0x005A, 0x0061, 0x0062, 0x0063, 0x0064, 0x0065, 0x0066,
    0x0067, 0x0069, 0x006A, 0x006B, 0x006C, 0x006D, 0x006E, 0x006F, 0x0070, 0x0071, 0x0072, 0x0073,
    0x0074, 0x0075, 0x0076, 0x0077, 0x0078, 0x0079, 0x007A, 0x0041, 0x0042, 0x0043, 0x0044, 0x0045,
    0x0046, 0x0047, 0x0048, 0x0049, 0x004A, 0x004B, 0x004C, 0x004D, 0x004E, 0x004F, 0x0050, 0x0051,
    0x0052, 0x0053, 0x0054, 0x0055, 0x0056, 0x0057, 0x0058, 0x0059, 0x005A, 0x0061, 0x0062, 0x0063,
    0x0064, 0x0065, 0x0066, 0x0067, 0x0068, 0x0069, 0x006A, 0x006B, 0x006C, 0x006D, 0x006E, 0x006F,
    0x0070, 0x0071, 0x0072, 0x0073, 0x0074, 0x0075, 0x0076, 0x0077, 0x0078, 0x0079, 0x007A, 0x0041,
    0x0043, 0x0044, 0x0047, 0x004A, 0x004B, 0x004E, 0x004F, 0x0050, 0x0051, 0x0053, 0x0054, 0x0055,
    0x0056, 0x0057, 0x0058, 0x0059, 0x005A, 0x0061, 0x0062, 0x0063, 0x0064, 0x0066, 0x0068, 0x0069,
    0x006A, 0x006B, 0x006C, 0x006D, 0x006E, 0x0070, 0x0071, 0x0072, 0x0073, 0x0074, 0x0075, 0x0076,
    0x0077, 0x0078, 0x0079, 0x007A, 0x0041, 0x0042, 0x0043, 0x0044, 0x0045, 0x0046, 0x0047, 0x0048,
    0x0049, 0x004A, 0x004B, 0x004C, 0x004D, 0x004E, 0x004F, 0x0050, 0x0051, 0x0052, 0x0053, 0x0054,
    0x0055, 0x0056, 0x0057, 0x0058, 0x0059, 0x005A, 0x0061, 0x0062, 0x0063, 0x0064, 0x0065, 0x0066,
    0x0067, 0x0068, 0x0069, 0x006A, 0x006B, 0x006C, 0x006D, 0x006E, 0x006F, 0x0070, 0x0071, 0x0072,
    0x0073, 0x0074, 0x0075, 0x0076, 0x0077, 0x0078, 0x0079, 0x007A, 0x0041, 0x0042, 0x0044, 0x0045,
    0x0046, 0x0047, 0x004A, 0x004B, 0x004C, 0x004D, 0x004E, 0x004F, 0x0050, 0x0051, 0x0053, 0x0054,
    0x0055, 0x0056, 0x0057, 0x0058, 0x0059, 0x0061, 0x0062, 0x0063, 0x0064, 0x0065, 0x0066, 0x0067,
    0x0068, 0x0069, 0x006A, 0x006B, 0x006C, 0x006D, 0x006E, 0x006F, 0x0070, 0x0071, 0x0072, 0x0073,
    0x0074, 0x0075, 0x0076, 0x0077, 0x0078, 0x0079, 0x007A, 0x0041, 0x0042, 0x0044, 0x0045, 0x0046,
    0x0047, 0x0049, 0x004A, 0x004B, 0x004C, 0x004D, 0x004F, 0x0053, 0x0054, 0x0055, 0x0056, 0x0057,
    0x0058, 0x0059, 0x0061, 0x0062, 0x0063, 0x0064, 0x0065, 0x0066, 0x0067, 0x0068, 0x0069, 0x006A,
    0x006B, 0x006C, 0x006D, 0x006E, 0x006F, 0x0070, 0x0071, 0x0072, 0x0073, 0x0074, 0x0075, 0x0076,
    0x0077, 0x0078, 0x0079, 0x007A, 0x0041, 0x0042, 0x0043, 0x0044, 0x0045, 0x0046, 0x0047, 0x0048,
    0x0049, 0x004A, 0x004B, 0x004C, 0x004D, 0x004E, 0x004F, 0x0050, 0x0051, 0x0052, 0x0053, 0x0054,
    0x0055, 0x0056, 0x0057, 0x0058, 0x0059, 0x005A, 0x0061, 0x0062, 0x0063, 0x0064, 0x0065, 0x0066,
    0x0067, 0x0068, 0x0069, 0x006A, 0x006B, 0x006C, 0x006D, 0x006E, 0x006F, 0x0070, 0x0071, 0x0072,
    0x0073, 0x0074, 0x0075, 0x0076, 0x0077, 0x0078, 0x0079, 0x007A, 0x0041, 0x0042, 0x0043, 0x0044,
    0x0045, 0x0046, 0x0047, 0x0048, 0x0049, 0x004A, 0x004B, 0x004C, 0x004D, 0x004E, 0x004F, 0x0050,
    0x0051, 0x0052, 0x0053, 0x0054, 0x0055, 0x0056, 0x0057, 0x0058, 0x0059, 0x005A, 0x0061, 0x0062,
    0x0063, 0x0064, 0x0065, 0x0066, 0x0067, 0x0068, 0x0069, 0x006A, 0x006B, 0x006C, 0x006D, 0x006E,
    0x006F, 0x0070, 0x0071, 0x0072, 0x0073, 0x0074, 0x0075, 0x0076, 0x0077, 0x0078, 0x0079, 0x007A,
    0x0041, 0x0042, 0x0043, 0x0044, 0x0045, 0x0046, 0x0047, 0x0048, 0x0049, 0x004A, 0x004B, 0x004C,
    0x004D, 0x004E, 0x004F, 0x0050, 0x0051, 0x0052, 0x0053, 0x0054, 0x0055, 0x0056, 0x0057, 0x0058,
    0x0059, 0x005A, 0x0061, 0x0062, 0x0063, 0x0064, 0x0065, 0x0066, 0x0067, 0x0068, 0x0069, 0x006A,
    0x006B, 0x006C, 0x006D, 0x006E, 0x006F, 0x0070, 0x0071, 0x0072, 0x0073, 0x0074, 0x0075, 0x0076,
    0x0077, 0x0078, 0x0079, 0x007A, 0x0041, 0x0042, 0x0043, 0x0044, 0x0045, 0x0046, 0x0047, 0x0048,
    0x0049, 0x004A, 0x004B, 0x004C, 0x004D, 0x004E, 0x004F, 0x0050, 0x0051, 0x0052, 0x0053, 0x0054,
    0x0055, 0x0056, 0x0057, 0x0058, 0x0059, 0x005A, 0x0061, 0x0062, 0x0063, 0x0064, 0x0065, 0x0066,
    0x0067, 0x0068, 0x0069, 0x006A, 0x006B, 0x006C, 0x006D, 0x006E, 0x006F, 0x0070, 0x0071, 0x0072,
    0x0073, 0x0074, 0x0075, 0x0076, 0x0077, 0x0078, 0x0079, 0x007A, 0x0041, 0x0042, 0x0043, 0x0044,
    0x0045, 0x0046, 0x0047, 0x0048, 0x0049, 0x004A, 0x004B, 0x004C, 0x004D, 0x004E, 0x004F, 0x0050,
    0x0051, 0x0052, 0x0053, 0x0054, 0x0055, 0x0056, 0x0057, 0x0058, 0x0059, 0x005A, 0x0061, 0x0062,
    0x0063, 0x0064, 0x0065, 0x0066, 0x0067, 0x0068, 0x0069, 0x006A, 0x006B, 0x006C, 0x006D, 0x006E,
    0x006F, 0x0070, 0x0071, 0x0072, 0x0073, 0x0074, 0x0075, 0x0076, 0x0077, 0x0078, 0x0079, 0x007A,
    0x0041, 0x0042, 0x0043, 0x0044, 0x0045, 0x0046, 0x0047, 0x0048, 0x0049, 0x004A, 0x004B, 0x004C,
    0x004D, 0x004E, 0x004F, 0x0050, 0x0051, 0x0052, 0x0053, 0x0054, 0x0055, 0x0056, 0x0057, 0x0058,
    0x0059, 0x005A, 0x0061, 0x0062, 0x0063, 0x0064, 0x0065, 0x0066, 0x0067, 0x0068, 0x0069, 0x006A,
    0x006B, 0x006C, 0x006D, 0x006E, 0x006F, 0x0070, 0x0071, 0x0072, 0x0073, 0x0074, 0x0075, 0x0076,
    0x0077, 0x0078, 0x0079, 0x007A, 0x0131, 0x0237, 0x0391, 0x0392, 0x0393, 0x0394, 0x0395, 0x0396,
    0x0397, 0x0398, 0x0399, 0x039A, 0x039B, 0x039C, 0x039D, 0x039E, 0x039F, 0x03A0, 0x03A1, 0x0398,
    0x03A3, 0x03A4, 0x03A5, 0x03A6, 0x03A7, 0x03A8, 0x03A9, 0x2207, 0x03B1, 0x03B2, 0x03B3, 0x03B4,
    0x03B5, 0x03B6, 0x03B7, 0x03B8, 0x03B9, 0x03BA, 0x03BB, 0x03BC, 0x03BD, 0x03BE, 0x03BF, 0x03C0,
    0x03C1, 0x03C2, 0x03C3, 0x03C4, 0x03C5, 0x03C6, 0x03C7, 0x03C8, 0x03C9, 0x2202, 0x03B5, 0x03B8,
    0x03BA, 0x03C6, 0x03C1, 0x03C0, 0x0391, 0x0392, 0x0393, 0x0394, 0x0395, 0x0396, 0x0397, 0x0398,
    0x0399, 0x039A, 0x039B, 0x039C, 0x039D, 0x039E, 0x039F, 0x03A0, 0x03A1, 0x0398, 0x03A3, 0x03A4,
    0x03A5, 0x03A6, 0x03A7, 0x03A8, 0x03A9, 0x2207, 0x03B1, 0x03B2, 0x03B3, 0x03B4, 0x03B5, 0x03B6,
    0x03B7, 0x03B8, 0x03B9, 0x03BA, 0x03BB, 0x03BC, 0x03BD, 0x03BE, 0x03BF, 0x03C0, 0x03C1, 0x03C2,
    0x03C3, 0x03C4, 0x03C5, 0x03C6, 0x03C7, 0x03C8, 0x03C9, 0x2202, 0x03B5, 0x03B8, 0x03BA, 0x03C6,
    0x03C1, 0x03C0, 0x0391, 0x0392, 0x0393, 0x0394, 0x0395, 0x0396, 0x0397, 0x0398, 0x0399, 0x039A,
    0x039B, 0x039C, 0x039D, 0x039E, 0x039F, 0x03A0, 0x03A1, 0x0398, 0x03A3, 0x03A4, 0x03A5, 0x03A6,
    0x03A7, 0x03A8, 0x03A9, 0x2207, 0x03B1, 0x03B2, 0x03B3, 0x03B4, 0x03B5, 0x03B6, 0x03B7, 0x03B8,
    0x03B9, 0x03BA, 0x03BB, 0x03BC, 0x03BD, 0x03BE, 0x03BF, 0x03C0, 0x03C1, 0x03C2, 0x03C3, 0x03C4,
    0x03C5, 0x03C6, 0x03C7, 0x03C8, 0x03C9, 0x2202, 0x03B5, 0x03B8, 0x03BA, 0x03C6, 0x03C1, 0x03C0,
    0x0391, 0x0392, 0x0393, 0x0394, 0x0395, 0x0396, 0x0397, 0x0398, 0x0399, 0x039A, 0x039B, 0x039C,
    0x039D, 0x039E, 0x039F, 0x03A0, 0x03A1, 0x0398, 0x03A3, 0x03A4, 0x03A5, 0x03A6, 0x03A7, 0x03A8,
    0x03A9, 0x2207, 0x03B1, 0x03B2, 0x03B3, 0x03B4, 0x03B5, 0x03B6, 0x03B7, 0x03B8, 0x03B9, 0x03BA,
    0x03BB, 0x03BC, 0x03BD, 0x03BE, 0x03BF, 0x03C0, 0x03C1, 0x03C2, 0x03C3, 0x03C4, 0x03C5, 0x03C6,
    0x03C7, 0x03C8, 0x03C9, 0x2202, 0x03B5, 0x03B8, 0x03BA, 0x03C6, 0x03C1, 0x03C0, 0x0391, 0x0392,
    0x0393, 0x0394, 0x0395, 0x0396, 0x0397, 0x0398, 0x0399, 0x039A, 0x039B, 0x039C, 0x039D, 0x039E,
    0x039F, 0x03A0, 0x03A1, 0x0398, 0x03A3, 0x03A4, 0x03A5, 0x03A6, 0x03A7, 0x03A8, 0x03A9, 0x2207,
    0x03B1, 0x03B2, 0x03B3, 0x03B4, 0x03B5, 0x03B6, 0x03B7, 0x03B8, 0x03B9, 0x03BA, 0x03BB, 0x03BC,
    0x03BD, 0x03BE, 0x03BF, 0x03C0, 0x03C1, 0x03C2, 0x03C3, 0x03C4, 0x03C5, 0x03C6, 0x03C7, 0x03C8,
    0x03C9, 0x2202, 0x03B5, 0x03B8, 0x03BA, 0x03C6, 0x03C1, 0x03C0, 0x03DC, 0x03DD, 0x0030, 0x0031,
    0x0032, 0x0033, 0x0034, 0x0035, 0x0036, 0x0037, 0x0038, 0x0039, 0x0030, 0x0031, 0x0032, 0x0033,
    0x0034, 0x0035, 0x0036, 0x0037, 0x0038, 0x0039, 0x0030, 0x0031, 0x0032, 0x0033, 0x0034, 0x0035,
    0x0036, 0x0037, 0x0038, 0x0039, 0x0030, 0x0031, 0x0032, 0x0033, 0x0034, 0x0035, 0x0036, 0x0037,
    0x0038, 0x0039, 0x0030, 0x0031, 0x0032, 0x0033, 0x0034, 0x0035, 0x0036, 0x0037, 0x0038, 0x0039,
    0x0430, 0x0431, 0x0432, 0x0433, 0x0434, 0x0435, 0x0436, 0x0437, 0x0438, 0x043A, 0x043B, 0x043C,
    0x043E, 0x043F, 0x0440, 0x0441, 0x0442, 0x0443, 0x0444, 0x0445, 0x0446, 0x0447, 0x0448, 0x044B,
    0x044D, 0x044E, 0xA689, 0x04D9, 0x0456, 0x0458, 0x04E9, 0x04AF, 0x04CF, 0x0430, 0x0431, 0x0432,
    0x0433, 0x0434, 0x0435, 0x0436, 0x0437, 0x0438, 0x043A, 0x043B, 0x043E, 0x043F, 0x0441, 0x0443,
    0x0444, 0x0445, 0x0446, 0x0447, 0x0448, 0x044A, 0x044B, 0x0491, 0x0456, 0x0455, 0x045F, 0x04AB,
    0xA651, 0x04B1, 0x0627, 0x0628, 0x062C, 0x062F, 0x0648, 0x0632, 0x062D, 0x0637, 0x064A, 0x0643,
    0x0644, 0x0645, 0x0646, 0x0633, 0x0639, 0x0641, 0x0635, 0x0642, 0x0631, 0x0634, 0x062A, 0x062B,
    0x062E, 0x0630, 0x0636, 0x0638, 0x063A, 0x066E, 0x06BA, 0x06A1, 0x066F, 0x0628, 0x062C, 0x0647,
    0x062D, 0x064A, 0x0643, 0x0644, 0x0645, 0x0646, 0x0633, 0x0639, 0x0641, 0x0635, 0x0642, 0x0634,
    0x062A, 0x062B, 0x062E, 0x0636, 0x063A, 0x062C, 0x062D, 0x064A, 0x0644, 0x0646, 0x0633, 0x0639,
    0x0635, 0x0642, 0x0634, 0x062E, 0x0636, 0x063A, 0x06BA, 0x066F, 0x0628, 0x062C, 0x0647, 0x062D,
    0x0637, 0x064A, 0x0643, 0x0645, 0x0646, 0x0633, 0x0639, 0x0641, 0x0635, 0x0642, 0x0634, 0x062A,
    0x062B, 0x062E, 0x0636, 0x0638, 0x063A, 0x066E, 0x06A1, 0x0627, 0x0628, 0x062C, 0x062F, 0x0647,
    0x0648, 0x0632, 0x062D, 0x0637, 0x064A, 0x0644, 0x0645, 0x0646, 0x0633, 0x0639, 0x0641, 0x0635,
    0x0642, 0x0631, 0x0634, 0x062A, 0x062B, 0x062E, 0x0630, 0x0636, 0x0638, 0x063A, 0x0628, 0x062C,
    0x062F, 0x0648, 0x0632, 0x062D, 0x0637, 0x064A, 0x0644, 0x0645, 0x0646, 0x0633, 0x0639, 0x0641,
    0x0635, 0x0642, 0x0631, 0x0634, 0x062A, 0x062B, 0x062E, 0x0630, 0x0636, 0x0638, 0x063A, 0x0030,
    0x002E, 0x0030, 0x002C, 0x0031, 0x002C, 0x0032, 0x002C, 0x0033, 0x002C, 0x0034, 0x002C, 0x0035,
    0x002C, 0x0036, 0x002C, 0x0037, 0x002C, 0x0038, 0x002C, 0x0039, 0x002C, 0x0028, 0x0041, 0x0029,
    0x0028, 0x0042, 0x0029, 0x0028, 0x0043, 0x0029, 0x0028, 0x0044, 0x0029, 0x0028, 0x0045, 0x0029,
    0x0028, 0x0046, 0x0029, 0x0028, 0x0047, 0x0029, 0x0028, 0x0048, 0x0029, 0x0028, 0x0049, 0x0029,
    0x0028, 0x004A, 0x0029, 0x0028, 0x004B, 0x0029, 0x0028, 0x004C, 0x0029, 0x0028, 0x004D, 0x0029,
    0x0028, 0x004E, 0x0029, 0x0028, 0x004F, 0x0029, 0x0028, 0x0050, 0x0029, 0x0028, 0x0051, 0x0029,
    0x0028, 0x0052, 0x0029, 0x0028, 0x0053, 0x0029, 0x0028, 0x0054, 0x0029, 0x0028, 0x0055, 0x0029,
    0x0028, 0x0056, 0x0029, 0x0028, 0x0057, 0x0029, 0x0028, 0x0058, 0x0029, 0x0028, 0x0059, 0x0029,
    0x0028, 0x005A, 0x0029, 0x3014, 0x0053, 0x3015, 0x0043, 0x0052, 0x0043, 0x0044, 0x0057, 0x005A,
    0x0041, 0x0042, 0x0043, 0x0044, 0x0045, 0x0046, 0x0047, 0x0048, 0x0049, 0x004A, 0x004B, 0x004C,
    0x004D, 0x004E, 0x004F, 0x0050, 0x0051, 0x0052, 0x0053, 0x0054, 0x0055, 0x0056, 0x0057, 0x0058,
    0x0059, 0x005A, 0x0048, 0x0056, 0x004D, 0x0056, 0x0053, 0x0044, 0x0053, 0x0053, 0x0050, 0x0050,
    0x0056, 0x0057, 0x0043, 0x004D, 0x0043, 0x004D, 0x0044, 0x004D, 0x0052, 0x0044, 0x004A, 0x307B,
    0x304B, 0x30B3, 0x30B3, 0x30B5, 0x624B, 0x5B57, 0x53CC, 0x30C7, 0x4E8C, 0x591A, 0x89E3, 0x5929,
    0x4EA4, 0x6620, 0x7121, 0x6599, 0x524D, 0x5F8C, 0x518D, 0x65B0, 0x521D, 0x7D42, 0x751F, 0x8CA9,
    0x58F0, 0x5439, 0x6F14, 0x6295, 0x6355, 0x4E00, 0x4E09, 0x904A, 0x5DE6, 0x4E2D, 0x53F3, 0x6307,
    0x8D70, 0x6253, 0x7981, 0x7A7A, 0x5408, 0x6E80, 0x6709, 0x6708, 0x7533, 0x5272, 0x55B6, 0x914D,
    0x3014, 0x672C, 0x3015, 0x3014, 0x4E09, 0x3015, 0x3014, 0x4E8C, 0x3015, 0x3014, 0x5B89, 0x3015,
    0x3014, 0x70B9, 0x3015, 0x3014, 0x6253, 0x3015, 0x3014, 0x76D7, 0x3015, 0x3014, 0x52DD, 0x3015,
    0x3014, 0x6557, 0x3015, 0x5F97, 0x53EF, 0x0030, 0x0031, 0x0032, 0x0033, 0x0034, 0x0035, 0x0036,
    0x0037, 0x0038, 0x0039, 0x4E3D, 0x4E38, 0x4E41, 0xD840, 0xDD22, 0x4F60, 0x4FAE, 0x4FBB, 0x5002,
    0x507A, 0x5099, 0x50E7, 0x50CF, 0x349E, 0xD841, 0xDE3A, 0x514D, 0x5154, 0x5164, 0x5177, 0xD841,
    0xDD1C, 0x34B9, 0x5167, 0x518D, 0xD841, 0xDD4B, 0x5197, 0x51A4, 0x4ECC, 0x51AC, 0x51B5, 0xD864,
    0xDDDF, 0x51F5, 0x5203, 0x34DF, 0x523B, 0x5246, 0x5272, 0x5277, 0x3515, 0x52C7, 0x52C9, 0x52E4,
    0x52FA, 0x5305, 0x5306, 0x5317, 0x5349, 0x5351, 0x535A, 0x5373, 0x537D, 0x537F, 0x537F, 0x537F,
    0xD842, 0xDE2C, 0x7070, 0x53CA, 0x53DF, 0xD842, 0xDF63, 0x53EB, 0x53F1, 0x5406, 0x549E, 0x5438,
    0x5448, 0x5468, 0x54A2, 0x54F6, 0x5510, 0x5553, 0x5563, 0x5584, 0x5584, 0x5599, 0x55AB, 0x55B3,
    0x55C2, 0x5716, 0x5606, 0x5717, 0x5651, 0x5674, 0x5207, 0x58EE, 0x57CE, 0x57F4, 0x580D, 0x578B,
    0x5832, 0x5831, 0x58AC, 0xD845, 0xDCE4, 0x58F2, 0x58F7, 0x5906, 0x591A, 0x5922, 0x5962, 0xD845,
    0xDEA8, 0xD845, 0xDEEA, 0x59EC, 0x5A1B, 0x5A27, 0x59D8, 0x5A66, 0x36EE, 0x36FC, 0x5B08, 0x5B3E,
    0x5B3E, 0xD846, 0xDDC8, 0x5BC3, 0x5BD8, 0x5BE7, 0x5BF3, 0xD846, 0xDF18, 0x5BFF, 0x5C06, 0x5F53,
    0x5C22, 0x3781, 0x5C60, 0x5C6E, 0x5CC0, 0x5C8D, 0xD847, 0xDDE4, 0x5D43, 0xD847, 0xDDE6, 0x5D6E,
    0x5D6B, 0x5D7C, 0x5DE1, 0x5DE2, 0x382F, 0x5DFD, 0x5E28, 0x5E3D, 0x5E69, 0x3862, 0xD848, 0xDD83,
    0x387C, 0x5EB0, 0x5EB3, 0x5EB6, 0x5ECA, 0xD868, 0xDF92, 0x5EFE, 0xD848, 0xDF31, 0xD848, 0xDF31,
    0x8201, 0x5F22, 0x5F22, 0x38C7, 0xD84C, 0xDEB8, 0xD858, 0xDDDA, 0x5F62, 0x5F6B, 0x38E3, 0x5F9A,
    0x5FCD, 0x5FD7, 0x5FF9, 0x6081, 0x393A, 0x391C, 0x6094, 0xD849, 0xDED4, 0x60C7, 0x6148, 0x614C,
    0x614E, 0x614C, 0x617A, 0x618E, 0x61B2, 0x61A4, 0x61AF, 0x61DE, 0x61F2, 0x61F6, 0x6210, 0x621B,
    0x625D, 0x62B1, 0x62D4, 0x6350, 0xD84A, 0xDF0C, 0x633D, 0x62FC, 0x6368, 0x6383, 0x63E4, 0xD84A,
    0xDFF1, 0x6422, 0x63C5, 0x63A9, 0x3A2E, 0x6469, 0x647E, 0x649D, 0x6477, 0x3A6C, 0x654F, 0x656C,
    0xD84C, 0xDC0A, 0x65E3, 0x66F8, 0x6649, 0x3B19, 0x6691, 0x3B08, 0x3AE4, 0x5192, 0x5195, 0x6700,
    0x669C, 0x80AD, 0x43D9, 0x6717, 0x671B, 0x6721, 0x675E, 0x6753, 0xD84C, 0xDFC3, 0x3B49, 0x67FA,
    0x6785, 0x6852, 0x6885, 0xD84D, 0xDC6D, 0x688E, 0x681F, 0x6914, 0x3B9D, 0x6942, 0x69A3, 0x69EA,
    0x6AA8, 0xD84D, 0xDEA3, 0x6ADB, 0x3C18, 0x6B21, 0xD84E, 0xDCA7, 0x6B54, 0x3C4E, 0x6B72, 0x6B9F,
    0x6BBA, 0x6BBB, 0xD84E, 0xDE8D, 0xD847, 0xDD0B, 0xD84E, 0xDEFA, 0x6C4E, 0xD84F, 0xDCBC, 0x6CBF,
    0x6CCD, 0x6C67, 0x6D16, 0x6D3E, 0x6D77, 0x6D41, 0x6D69, 0x6D78, 0x6D85, 0xD84F, 0xDD1E, 0x6D34,
    0x6E2F, 0x6E6E, 0x3D33, 0x6ECB, 0x6EC7, 0xD84F, 0xDED1, 0x6DF9, 0x6F6E, 0xD84F, 0xDF5E, 0xD84F,
    0xDF8E, 0x6FC6, 0x7039, 0x701E, 0x701B, 0x3D96, 0x704A, 0x707D, 0x7077, 0x70AD, 0xD841, 0xDD25,
    0x7145, 0xD850, 0xDE63, 0x719C, 0xD850, 0xDFAB, 0x7228, 0x7235, 0x7250, 0xD851, 0xDE08, 0x7280,
    0x7295, 0xD851, 0xDF35, 0xD852, 0xDC14, 0x737A, 0x738B, 0x3EAC, 0x73A5, 0x3EB8, 0x3EB8, 0x7447,
    0x745C, 0x7471, 0x7485, 0x74CA, 0x3F1B, 0x7524, 0xD853, 0xDC36, 0x753E, 0xD853, 0xDC92, 0x7570,
    0xD848, 0xDD9F, 0x7610, 0xD853, 0xDFA1, 0xD853, 0xDFB8, 0xD854, 0xDC44, 0x3FFC, 0x4008, 0x76F4,
    0xD854, 0xDCF3, 0xD854, 0xDCF2, 0xD854, 0xDD19, 0xD854, 0xDD33, 0x771E, 0x771F, 0x771F, 0x774A,
    0x4039, 0x778B, 0x4046, 0x4096, 0xD855, 0xDC1D, 0x784E, 0x788C, 0x78CC, 0x40E3, 0xD855, 0xDE26,
    0x7956, 0xD855, 0xDE9A, 0xD855, 0xDEC5, 0x798F, 0x79EB, 0x412F, 0x7A40, 0x7A4A, 0x7A4F, 0xD856,
    0xDD7C, 0xD856, 0xDEA7, 0xD856, 0xDEA7, 0x7AEE, 0x4202, 0xD856, 0xDFAB, 0x7BC6, 0x7BC9, 0x4227,
    0xD857, 0xDC80, 0x7CD2, 0x42A0, 0x7CE8, 0x7CE3, 0x7D00, 0xD857, 0xDF86, 0x7D63, 0x4301, 0x7DC7,
    0x7E02, 0x7E45, 0x4334, 0xD858, 0xDE28, 0xD858, 0xDE47, 0x4359, 0xD858, 0xDED9, 0x7F7A, 0xD858,
    0xDF3E, 0x7F95, 0x7FFA, 0x8005, 0xD859, 0xDCDA, 0xD859, 0xDD23, 0x8060, 0xD859, 0xDDA8, 0x8070,
    0xD84C, 0xDF5F, 0x43D5, 0x80B2, 0x8103, 0x440B, 0x813E, 0x5AB5, 0xD859, 0xDFA7, 0xD859, 0xDFB5,
    0xD84C, 0xDF93, 0xD84C, 0xDF9C, 0x8201, 0x8204, 0x8F9E, 0x446B, 0x8291, 0x828B, 0x829D, 0x52B3,
    0x82B1, 0x82B3, 0x82BD, 0x82E6, 0xD85A, 0xDF3C, 0x82E5, 0x831D, 0x8363, 0x83AD, 0x8323, 0x83BD,
    0x83E7, 0x8457, 0x8353, 0x83CA, 0x83CC, 0x83DC, 0xD85B, 0xDC36, 0xD85B, 0xDD6B, 0xD85B, 0xDCD5,
    0x452B, 0x84F1, 0x84F3, 0x8516, 0xD85C, 0xDFCA, 0x8564, 0xD85B, 0xDF2C, 0x455D, 0x4561, 0xD85B,
    0xDFB1, 0xD85C, 0xDCD2, 0x456B, 0x8650, 0x865C, 0x8667, 0x8669, 0x86A9, 0x8688, 0x870E, 0x86E2,
    0x8779, 0x8728, 0x876B, 0x8786, 0x45D7, 0x87E1, 0x8801, 0x45F9, 0x8860, 0x8863, 0xD85D, 0xDE67,
    0x88D7, 0x88DE, 0x4635, 0x88FA, 0x34BB, 0xD85E, 0xDCAE, 0xD85E, 0xDD66, 0x46BE, 0x46C7, 0x8AA0,
    0x8AED, 0x8B8A, 0x8C55, 0xD85F, 0xDCA8, 0x8CAB, 0x8CC1, 0x8D1B, 0x8D77, 0xD85F, 0xDF2F, 0xD842,
    0xDC04, 0x8DCB, 0x8DBC, 0x8DF0, 0xD842, 0xDCDE, 0x8ED4, 0x8F38, 0xD861, 0xDDD2, 0xD861, 0xDDED,
    0x9094, 0x90F1, 0x9111, 0xD861, 0xDF2E, 0x911B, 0x9238, 0x92D7, 0x92D8, 0x927C, 0x93F9, 0x9415,
    0xD862, 0xDFFA, 0x958B, 0x4995, 0x95B7, 0xD863, 0xDD77, 0x49E6, 0x96C3, 0x5DB2, 0x9723, 0xD864,
    0xDD45, 0xD864, 0xDE1A, 0x4A6E, 0x4A76, 0x97E0, 0xD865, 0xDC0A, 0x4AB2, 0xD865, 0xDC96, 0x980B,
    0x980B, 0x9829, 0xD865, 0xDDB6, 0x98E2, 0x4B33, 0x9929, 0x99A7, 0x99C2, 0x99FE, 0x4BCE, 0xD866,
    0xDF30, 0x9B12, 0x9C40, 0x9CFD, 0x4CCE, 0x4CED, 0x9D67, 0xD868, 0xDCCE, 0x4CF8, 0xD868, 0xDD05,
    0xD868, 0xDE0E, 0xD868, 0xDE91, 0x9EBB, 0x4D56, 0x9EF9, 0x9EFE, 0x9F05, 0x9F0F, 0x9F16, 0x9F3B,
    0xD869, 0xDE00,
};

const kl_norm_entry kl_norm_table[4965] = {
    { 0x000A0, 0, 1 },
    { 0x000A8, 1, 2 },
    { 0x000AA, 3, 1 },
    { 0x000AF, 4, 2 },
    { 0x000B2, 6, 1 },
    { 0x000B3, 7, 1 },
    { 0x000B4, 8, 2 },
    { 0x000B5, 10, 1 },
    { 0x000B8, 11, 2 },
    { 0x000B9, 13, 1 },
    { 0x000BA, 14, 1 },
    { 0x000BC, 15, 3 },
    { 0x000BD, 18, 3 },
    { 0x000BE, 21, 3 },
    { 0x00132, 24, 2 },
    { 0x00133, 26, 2 },
    { 0x0013F, 28, 2 },
    { 0x00140, 30, 2 },
    { 0x00149, 32, 2 },
    { 0x0017F, 34, 1 },
    { 0x001C4, 35, 2 },
    { 0x001C5, 37, 2 },
    { 0x001C6, 39, 2 },
    { 0x001C7, 41, 2 },
    { 0x001C8, 43, 2 },
    { 0x001C9, 45, 2 },
    { 0x001CA, 47, 2 },
    { 0x001CB, 49, 2 },
    { 0x001CC, 51, 2 },
    { 0x001F1, 53, 2 },
    { 0x001F2, 55, 2 },
    { 0x001F3, 57, 2 },
    { 0x002B0, 59, 1 },
    { 0x002B1, 60, 1 },
    { 0x002B2, 61, 1 },
    { 0x002B3, 62, 1 },
    { 0x002B4, 63, 1 },
    { 0x002B5, 64, 1 },
    { 0x002B6, 65, 1 },
    { 0x002B7, 66, 1 },
    { 0x002B8, 67, 1 },
    { 0x002D8, 68, 2 },
    { 0x002D9, 70, 2 },
    { 0x002DA, 72, 2 },
    { 0x002DB, 74, 2 },
    { 0x002DC, 76, 2 },
    { 0x002DD, 78, 2 },
    { 0x002E0, 80, 1 },
    { 0x002E1, 81, 1 },
    { 0x002E2, 82, 1 },
    { 0x002E3, 83, 1 },
    { 0x002E4, 84, 1 },
    { 0x00340, 85, 1 },
    { 0x00341, 86, 1 },
    { 0x00343, 87, 1 },
    { 0x00344, 88, 2 },
    { 0x00374, 90, 1 },
    { 0x0037A, 91, 2 },
    { 0x0037E, 93, 1 },
    { 0x00384, 94, 2 },
    { 0x00385, 96, 3 },
    { 0x00387, 99, 1 },
    { 0x003D0, 100, 1 },
    { 0x003D1, 101, 1 },
    { 0x003D2, 102, 1 },
    { 0x003D3, 103, 1 },
    { 0x003D4, 104, 1 },
    { 0x003D5, 105, 1 },
    { 0x003D6, 106, 1 },
    { 0x003F0, 107, 1 },
    { 0x003F1, 108, 1 },
    { 0x003F2, 109, 1 },
    { 0x003F4, 110, 1 },
    { 0x003F5, 111, 1 },
    { 0x003F9, 112, 1 },
    { 0x00587, 113, 2 },
    { 0x00675, 115, 2 },
    { 0x00676, 117, 2 },
    { 0x00677, 119, 2 },
    { 0x00678, 121, 2 },
    { 0x00958, 123, 2 },
    { 0x00959, 125, 2 },
    { 0x0095A, 127, 2 },
    { 0x0095B, 129, 2 },
    { 0x0095C, 131, 2 },
    { 0x0095D, 133, 2 },
    { 0x0095E, 135, 2 },
    { 0x0095F, 137, 2 },
    { 0x009DC, 139, 2 },
    { 0x009DD, 141, 2 },
    { 0x009DF, 143, 2 },
    { 0x00A33, 145, 2 },
    { 0x00A36, 147, 2 },
    { 0x00A59, 149, 2 },
    { 0x00A5A, 151, 2 },
    { 0x00A5B, 153, 2 },
    { 0x00A5E, 155, 2 },
    { 0x00B5C, 157, 2 },
    { 0x00B5D, 159, 2 },
    { 0x00E33, 161, 2 },
    { 0x00EB3, 163, 2 },
    { 0x00EDC, 165, 2 },
    { 0x00EDD, 167, 2 },
    { 0x00F0C, 169, 1 },
    { 0x00F43, 170, 2 },
    { 0x00F4D, 172, 2 },
    { 0x00F52, 174, 2 },
    { 0x00F57, 176, 2 },
    { 0x00F5C, 178, 2 },
    { 0x00F69, 180, 2 },
    { 0x00F73, 182, 2 },
    { 0x00F75, 184, 2 },
    { 0x00F76, 186, 2 },
    { 0x00F77, 188, 3 },
    { 0x00F78, 191, 2 },
    { 0x00F79, 193, 3 },
    { 0x00F81, 196, 2 },
    { 0x00F93, 198, 2 },
    { 0x00F9D, 200, 2 },
    { 0x00FA2, 202, 2 },
    { 0x00FA7, 204, 2 },
    { 0x00FAC, 206, 2 },
    { 0x00FB9, 208, 2 },
    { 0x010FC, 210, 1 },
    { 0x01D2C, 211, 1 },
    { 0x01D2D, 212, 1 },
    { 0x01D2E, 213, 1 },
    { 0x01D30, 214, 1 },
    { 0x01D31, 215, 1 },
    { 0x01D32, 216, 1 },
    { 0x01D33, 217, 1 },
    { 0x01D34, 218, 1 },
    { 0x01D35, 219, 1 },
    { 0x01D36, 220, 1 },
    { 0x01D37, 221, 1 },
    { 0x01D38, 222, 1 },
    { 0x01D39, 223, 1 },
    { 0x01D3A, 224, 1 },
    { 0x01D3C, 225, 1 },
    { 0x01D3D, 226, 1 },
    { 0x01D3E, 227, 1 },
    { 0x01D3F, 228, 1 },
    { 0x01D40, 229, 1 },
    { 0x01D41, 230, 1 },
    { 0x01D42, 231, 1 },
    { 0x01D43, 232, 1 },
    { 0x01D44, 233, 1 },
    { 0x01D45, 234, 1 },
    { 0x01D46, 235, 1 },
    { 0x01D47, 236, 1 },
    { 0x01D48, 237, 1 },
    { 0x01D49, 238, 1 },
    { 0x01D4A, 239, 1 },
    { 0x01D4B, 240, 1 },
    { 0x01D4C, 241, 1 },
    { 0x01D4D, 242, 1 },
    { 0x01D4F, 243, 1 },
    { 0x01D50, 244, 1 },
    { 0x01D51, 245, 1 },
    { 0x01D52, 246, 1 },
    { 0x01D53, 247, 1 },
    { 0x01D54, 248, 1 },
    { 0x01D55, 249, 1 },
    { 0x01D56, 250, 1 },
    { 0x01D57, 251, 1 },
    { 0x01D58, 252, 1 },
    { 0x01D59, 253, 1 },
    { 0x01D5A, 254, 1 },
    { 0x01D5B, 255, 1 },
    { 0x01D5C, 256, 1 },
    { 0x01D5D, 257, 1 },
    { 0x01D5E, 258, 1 },
    { 0x01D5F, 259, 1 },
    { 0x01D60, 260, 1 },
    { 0x01D61, 261, 1 },
    { 0x01D62, 262, 1 },
    { 0x01D63, 263, 1 },
    { 0x01D64, 264, 1 },
    { 0x01D65, 265, 1 },
    { 0x01D66, 266, 1 },
    { 0x01D67, 267, 1 },
    { 0x01D68, 268, 1 },
    { 0x01D69, 269, 1 },
    { 0x01D6A, 270, 1 },
    { 0x01D78, 271, 1 },
    { 0x01D9B, 272, 1 },
    { 0x01D9C, 273, 1 },
    { 0x01D9D, 274, 1 },
    { 0x01D9E, 275, 1 },
    { 0x01D9F, 276, 1 },
    { 0x01DA0, 277, 1 },
    { 0x01DA1, 278, 1 },
    { 0x01DA2, 279, 1 },
    { 0x01DA3, 280, 1 },
    { 0x01DA4, 281, 1 },
    { 0x01DA5, 282, 1 },
    { 0x01DA6, 283, 1 },
    { 0x01DA7, 284, 1 },
    { 0x01DA8, 285, 1 },
    { 0x01DA9, 286, 1 },
    { 0x01DAA, 287, 1 },
    { 0x01DAB, 288, 1 },
    { 0x01DAC, 289, 1 },
    { 0x01DAD, 290, 1 },
    { 0x01DAE, 291, 1 },
    { 0x01DAF, 292, 1 },
    { 0x01DB0, 293, 1 },
    { 0x01DB1, 294, 1 },
    { 0x01DB2, 295, 1 },
    { 0x01DB3, 296, 1 },
    { 0x01DB4, 297, 1 },
    { 0x01DB5, 298, 1 },
    { 0x01DB6, 299, 1 },
    { 0x01DB7, 300, 1 },
    { 0x01DB8, 301, 1 },
    { 0x01DB9, 302, 1 },
    { 0x01DBA, 303, 1 },
    { 0x01DBB, 304, 1 },
    { 0x01DBC, 305, 1 },
    { 0x01DBD, 306, 1 },
    { 0x01DBE, 307, 1 },
    { 0x01DBF, 308, 1 },
    { 0x01E9A, 309, 2 },
    { 0x01E9B, 311, 1 },
    { 0x01F71, 312, 1 },
    { 0x01F73, 313, 1 },
    { 0x01F75, 314, 1 },
    { 0x01F77, 315, 1 },
    { 0x01F79, 316, 1 },
    { 0x01F7B, 317, 1 },
    { 0x01F7D, 318, 1 },
    { 0x01FBB, 319, 1 },
    { 0x01FBD, 320, 2 },
    { 0x01FBE, 322, 1 },
    { 0x01FBF, 323, 2 },
    { 0x01FC0, 325, 2 },
    { 0x01FC1, 327, 3 },
    { 0x01FC9, 330, 1 },
    { 0x01FCB, 331, 1 },
    { 0x01FCD, 332, 3 },
    { 0x01FCE, 335, 3 },
    { 0x01FCF, 338, 3 },
    { 0x01FD3, 341, 1 },
    { 0x01FDB, 342, 1 },
    { 0x01FDD, 343, 3 },
    { 0x01FDE, 346, 3 },
    { 0x01FDF, 349, 3 },
    { 0x01FE3, 352, 1 },
    { 0x01FEB, 353, 1 },
    { 0x01FED, 354, 3 },
    { 0x01FEE, 357, 3 },
    { 0x01FEF, 360, 1 },
    { 0x01FF9, 361, 1 },
    { 0x01FFB, 362, 1 },
    { 0x01FFD, 363, 2 },
    { 0x01FFE, 365, 2 },
    { 0x02000, 367, 1 },
    { 0x02001, 368, 1 },
    { 0x02002, 369, 1 },
    { 0x02003, 370, 1 },
    { 0x02004, 371, 1 },
    { 0x02005, 372, 1 },
    { 0x02006, 373, 1 },
    { 0x02007, 374, 1 },
    { 0x02008, 375, 1 },
    { 0x02009, 376, 1 },
    { 0x0200A, 377, 1 },
    { 0x02011, 378, 1 },
    { 0x02017, 379, 2 },
    { 0x02024, 381, 1 },
    { 0x02025, 382, 2 },
    { 0x02026, 384, 3 },
    { 0x0202F, 387, 1 },
    { 0x02033, 388, 2 },
    { 0x02034, 390, 3 },
    { 0x02036, 393, 2 },
    { 0x02037, 395, 3 },
    { 0x0203C, 398, 2 },
    { 0x0203E, 400, 2 },
    { 0x02047, 402, 2 },
    { 0x02048, 404, 2 },
    { 0x02049, 406, 2 },
    { 0x02057, 408, 4 },
    { 0x0205F, 412, 1 },
    { 0x02070, 413, 1 },
    { 0x02071, 414, 1 },
    { 0x02074, 415, 1 },
    { 0x02075, 416, 1 },
    { 0x02076, 417, 1 },
    { 0x02077, 418, 1 },
    { 0x02078, 419, 1 },
    { 0x02079, 420, 1 },
    { 0x0207A, 421, 1 },
    { 0x0207B, 422, 1 },
    { 0x0207C, 423, 1 },
    { 0x0207D, 424, 1 },
    { 0x0207E, 425, 1 },
    { 0x0207F, 426, 1 },
    { 0x02080, 427, 1 },
    { 0x02081, 428, 1 },
    { 0x02082, 429, 1 },
    { 0x02083, 430, 1 },
    { 0x02084, 431, 1 },
    { 0x02085, 432, 1 },
    { 0x02086, 433, 1 },
    { 0x02087, 434, 1 },
    { 0x02088, 435, 1 },
    { 0x02089, 436, 1 },
    { 0x0208A, 437, 1 },
    { 0x0208B, 438, 1 },
    { 0x0208C, 439, 1 },
    { 0x0208D, 440, 1 },
    { 0x0208E, 441, 1 },
    { 0x02090, 442, 1 },
    { 0x02091, 443, 1 },
    { 0x02092, 444, 1 },
    { 0x02093, 445, 1 },
    { 0x02094, 446, 1 },
    { 0x02095, 447, 1 },
    { 0x02096, 448, 1 },
    { 0x02097, 449, 1 },
    { 0x02098, 450, 1 },
    { 0x02099, 451, 1 },
    { 0x0209A, 452, 1 },
    { 0x0209B, 453, 1 },
    { 0x0209C, 454, 1 },
    { 0x020A8, 455, 2 },
    { 0x02100, 457, 3 },
    { 0x02101, 460, 3 },
    { 0x02102, 463, 1 },
    { 0x02103, 464, 2 },
    { 0x02105, 466, 3 },
    { 0x02106, 469, 3 },
    { 0x02107, 472, 1 },
    { 0x02109, 473, 2 },
    { 0x0210A, 475, 1 },
    { 0x0210B, 476, 1 },
    { 0x0210C, 477, 1 },
    { 0x0210D, 478, 1 },
    { 0x0210E, 479, 1 },
    { 0x0210F, 480, 1 },
    { 0x02110, 481, 1 },
    { 0x02111, 482, 1 },
    { 0x02112, 483, 1 },
    { 0x02113, 484, 1 },
    { 0x02115, 485, 1 },
    { 0x02116, 486, 2 },
    { 0x02119, 488, 1 },
    { 0x0211A, 489, 1 },
    { 0x0211B, 490, 1 },
    { 0x0211C, 491, 1 },
    { 0x0211D, 492, 1 },
    { 0x02120, 493, 2 },
    { 0x02121, 495, 3 },
    { 0x02122, 498, 2 },
    { 0x02124, 500, 1 },
    { 0x02126, 501, 1 },
    { 0x02128, 502, 1 },
    { 0x0212A, 503, 1 },
    { 0x0212B, 504, 1 },
    { 0x0212C, 505, 1 },
    { 0x0212D, 506, 1 },
    { 0x0212F, 507, 1 },
    { 0x02130, 508, 1 },
    { 0x02131, 509, 1 },
    { 0x02133, 510, 1 },
    { 0x02134, 511, 1 },
    { 0x02135, 512, 1 },
    { 0x02136, 513, 1 },
    { 0x02137, 514, 1 },
    { 0x02138, 515, 1 },
    { 0x02139, 516, 1 },
    { 0x0213B, 517, 3 },
    { 0x0213C, 520, 1 },
    { 0x0213D, 521, 1 },
    { 0x0213E, 522, 1 },
    { 0x0213F, 523, 1 },
    { 0x02140, 524, 1 },
    { 0x02145, 525, 1 },
    { 0x02146, 526, 1 },
    { 0x02147, 527, 1 },
    { 0x02148, 528, 1 },
    { 0x02149, 529, 1 },
    { 0x02150, 530, 3 },
    { 0x02151, 533, 3 },
    { 0x02152, 536, 4 },
    { 0x02153, 540, 3 },
    { 0x02154, 543, 3 },
    { 0x02155, 546, 3 },
    { 0x02156, 549, 3 },
    { 0x02157, 552, 3 },
    { 0x02158, 555, 3 },
    { 0x02159, 558, 3 },
    { 0x0215A, 561, 3 },
    { 0x0215B, 564, 3 },
    { 0x0215C, 567, 3 },
    { 0x0215D, 570, 3 },
    { 0x0215E, 573, 3 },
    { 0x0215F, 576, 2 },
    { 0x02160, 578, 1 },
    { 0x02161, 579, 2 },
    { 0x02162, 581, 3 },
    { 0x02163, 584, 2 },
    { 0x02164, 586, 1 },
    { 0x02165, 587, 2 },
    { 0x02166, 589, 3 },
    { 0x02167, 592, 4 },
    { 0x02168, 596, 2 },
    { 0x02169, 598, 1 },
    { 0x0216A, 599, 2 },
    { 0x0216B, 601, 3 },
    { 0x0216C, 604, 1 },
    { 0x0216D, 605, 1 },
    { 0x0216E, 606, 1 },
    { 0x0216F, 607, 1 },
    { 0x02170, 608, 1 },
    { 0x02171, 609, 2 },
    { 0x02172, 611, 3 },
    { 0x02173, 614, 2 },
    { 0x02174, 616, 1 },
    { 0x02175, 617, 2 },
    { 0x02176, 619, 3 },
    { 0x02177, 622, 4 },
    { 0x02178, 626, 2 },
    { 0x02179, 628, 1 },
    { 0x0217A, 629, 2 },
    { 0x0217B, 631, 3 },
    { 0x0217C, 634, 1 },
    { 0x0217D, 635, 1 },
    { 0x0217E, 636, 1 },
    { 0x0217F, 637, 1 },
    { 0x02189, 638, 3 },
    { 0x0222C, 641, 2 },
    { 0x0222D, 643, 3 },
    { 0x0222F, 646, 2 },
    { 0x02230, 648, 3 },
    { 0x02329, 651, 1 },
    { 0x0232A, 652, 1 },
    { 0x02460, 653, 1 },
    { 0x02461, 654, 1 },
    { 0x02462, 655, 1 },
    { 0x02463, 656, 1 },
    { 0x02464, 657, 1 },
    { 0x02465, 658, 1 },
    { 0x02466, 659, 1 },
    { 0x02467, 660, 1 },
    { 0x02468, 661, 1 },
    { 0x02469, 662, 2 },
    { 0x0246A, 664, 2 },
    { 0x0246B, 666, 2 },
    { 0x0246C, 668, 2 },
    { 0x0246D, 670, 2 },
    { 0x0246E, 672, 2 },
    { 0x0246F, 674, 2 },
    { 0x02470, 676, 2 },
    { 0x02471, 678, 2 },
    { 0x02472, 680, 2 },
    { 0x02473, 682, 2 },
    { 0x02474, 684, 3 },
    { 0x02475, 687, 3 },
    { 0x02476, 690, 3 },
    { 0x02477, 693, 3 },
    { 0x02478, 696, 3 },
    { 0x02479, 699, 3 },
    { 0x0247A, 702, 3 },
    { 0x0247B, 705, 3 },
    { 0x0247C, 708, 3 },
    { 0x0247D, 711, 4 },
    { 0x0247E, 715, 4 },
    { 0x0247F, 719, 4 },
    { 0x02480, 723, 4 },
    { 0x02481, 727, 4 },
    { 0x02482, 731, 4 },
    { 0x02483, 735, 4 },
    { 0x02484, 739, 4 },
    { 0x02485, 743, 4 },
    { 0x02486, 747, 4 },
    { 0x02487, 751, 4 },
    { 0x02488, 755, 2 },
    { 0x02489, 757, 2 },
    { 0x0248A, 759, 2 },
    { 0x0248B, 761, 2 },
    { 0x0248C, 763, 2 },
    { 0x0248D, 765, 2 },
    { 0x0248E, 767, 2 },
    { 0x0248F, 769, 2 },
    { 0x02490, 771, 2 },
    { 0x02491, 773, 3 },
    { 0x02492, 776, 3 },
    { 0x02493, 779, 3 },
    { 0x02494, 782, 3 },
    { 0x02495, 785, 3 },
    { 0x02496, 788, 3 },
    { 0x02497, 791, 3 },
    { 0x02498, 794, 3 },
    { 0x02499, 797, 3 },
    { 0x0249A, 800, 3 },
    { 0x0249B, 803, 3 },
    { 0x0249C, 806, 3 },
    { 0x0249D, 809, 3 },
    { 0x0249E, 812, 3 },
    { 0x0249F, 815, 3 },
    { 0x024A0, 818, 3 },
    { 0x024A1, 821, 3 },
    { 0x024A2, 824, 3 },
    { 0x024A3, 827, 3 },
    { 0x024A4, 830, 3 },
    { 0x024A5, 833, 3 },
    { 0x024A6, 836, 3 },
    { 0x024A7, 839, 3 },
    { 0x024A8, 842, 3 },
    { 0x024A9, 845, 3 },
    { 0x024AA, 848, 3 },
    { 0x024AB, 851, 3 },
    { 0x024AC, 854, 3 },
    { 0x024AD, 857, 3 },
    { 0x024AE, 860, 3 },
    { 0x024AF, 863, 3 },
    { 0x024B0, 866, 3 },
    { 0x024B1, 869, 3 },
    { 0x024B2, 872, 3 },
    { 0x024B3, 875, 3 },
    { 0x024B4, 878, 3 },
    { 0x024B5, 881, 3 },
    { 0x024B6, 884, 1 },
    { 0x024B7, 885, 1 },
    { 0x024B8, 886, 1 },
    { 0x024B9, 887, 1 },
    { 0x024BA, 888, 1 },
    { 0x024BB, 889, 1 },
    { 0x024BC, 890, 1 },
    { 0x024BD, 891, 1 },
    { 0x024BE, 892, 1 },
    { 0x024BF, 893, 1 },
    { 0x024C0, 894, 1 },
    { 0x024C1, 895, 1 },
    { 0x024C2, 896, 1 },
    { 0x024C3, 897, 1 },
    { 0x024C4, 898, 1 },
    { 0x024C5, 899, 1 },
    { 0x024C6, 900, 1 },
    { 0x024C7, 901, 1 },
    { 0x024C8, 902, 1 },
    { 0x024C9, 903, 1 },
    { 0x024CA, 904, 1 },
    { 0x024CB, 905, 1 },
    { 0x024CC, 906, 1 },
    { 0x024CD, 907, 1 },
    { 0x024CE, 908, 1 },
    { 0x024CF, 909, 1 },
    { 0x024D0, 910, 1 },
    { 0x024D1, 911, 1 },
    { 0x024D2, 912, 1 },
    { 0x024D3, 913, 1 },
    { 0x024D4, 914, 1 },
    { 0x024D5, 915, 1 },
    { 0x024D6, 916, 1 },
    { 0x024D7, 917, 1 },
    { 0x024D8, 918, 1 },
    { 0x024D9, 919, 1 },
    { 0x024DA, 920, 1 },
    { 0x024DB, 921, 1 },
    { 0x024DC, 922, 1 },
    { 0x024DD, 923, 1 },
    { 0x024DE, 924, 1 },
    { 0x024DF, 925, 1 },
    { 0x024E0, 926, 1 },
    { 0x024E1, 927, 1 },
    { 0x024E2, 928, 1 },
    { 0x024E3, 929, 1 },
    { 0x024E4, 930, 1 },
    { 0x024E5, 931, 1 },
    { 0x024E6, 932, 1 },
    { 0x024E7, 933, 1 },
    { 0x024E8, 934, 1 },
    { 0x024E9, 935, 1 },
    { 0x024EA, 936, 1 },
    { 0x02A0C, 937, 4 },
    { 0x02A74, 941, 3 },
    { 0x02A75, 944, 2 },
    { 0x02A76, 946, 3 },
    { 0x02ADC, 949, 2 },
    { 0x02C7C, 951, 1 },
    { 0x02C7D, 952, 1 },
    { 0x02D6F, 953, 1 },
    { 0x02E9F, 954, 1 },
    { 0x02EF3, 955, 1 },
    { 0x02F00, 956, 1 },
    { 0x02F01, 957, 1 },
    { 0x02F02, 958, 1 },
    { 0x02F03, 959, 1 },
    { 0x02F04, 960, 1 },
    { 0x02F05, 961, 1 },
    { 0x02F06, 962, 1 },
    { 0x02F07, 963, 1 },
    { 0x02F08, 964, 1 },
    { 0x02F09, 965, 1 },
    { 0x02F0A, 966, 1 },
    { 0x02F0B, 967, 1 },
    { 0x02F0C, 968, 1 },
    { 0x02F0D, 969, 1 },
    { 0x02F0E, 970, 1 },
    { 0x02F0F, 971, 1 },
    { 0x02F10, 972, 1 },
    { 0x02F11, 973, 1 },
    { 0x02F12, 974, 1 },
    { 0x02F13, 975, 1 },
    { 0x02F14, 976, 1 },
    { 0x02F15, 977, 1 },
    { 0x02F16, 978, 1 },
    { 0x02F17, 979, 1 },
    { 0x02F18, 980, 1 },
    { 0x02F19, 981, 1 },
    { 0x02F1A, 982, 1 },
    { 0x02F1B, 983, 1 },
    { 0x02F1C, 984, 1 },
    { 0x02F1D, 985, 1 },
    { 0x02F1E, 986, 1 },
    { 0x02F1F, 987, 1 },
    { 0x02F20, 988, 1 },
    { 0x02F21, 989, 1 },
    { 0x02F22, 990, 1 },
    { 0x02F23, 991, 1 },
    { 0x02F24, 992, 1 },
    { 0x02F25, 993, 1 },
    { 0x02F26, 994, 1 },
    { 0x02F27, 995, 1 },
    { 0x02F28, 996, 1 },
    { 0x02F29, 997, 1 },
    { 0x02F2A, 998, 1 },
    { 0x02F2B, 999, 1 },
    { 0x02F2C, 1000, 1 },
    { 0x02F2D, 1001, 1 },
    { 0x02F2E, 1002, 1 },
    { 0x02F2F, 1003, 1 },
    { 0x02F30, 1004, 1 },
    { 0x02F31, 1005, 1 },
    { 0x02F32, 1006, 1 },
    { 0x02F33, 1007, 1 },
    { 0x02F34, 1008, 1 },
    { 0x02F35, 1009, 1 },
    { 0x02F36, 1010, 1 },
    { 0x02F37, 1011, 1 },
    { 0x02F38, 1012, 1 },
    { 0x02F39, 1013, 1 },
    { 0x02F3A, 1014, 1 },
    { 0x02F3B, 1015, 1 },
    { 0x02F3C, 1016, 1 },
    { 0x02F3D, 1017, 1 },
    { 0x02F3E, 1018, 1 },
    { 0x02F3F, 1019, 1 },
    { 0x02F40, 1020, 1 },
    { 0x02F41, 1021, 1 },
    { 0x02F42, 1022, 1 },
    { 0x02F43, 1023, 1 },
    { 0x02F44, 1024, 1 },
    { 0x02F45, 1025, 1 },
    { 0x02F46, 1026, 1 },
    { 0x02F47, 1027, 1 },
    { 0x02F48, 1028, 1 },
    { 0x02F49, 1029, 1 },
    { 0x02F4A, 1030, 1 },
    { 0x02F4B, 1031, 1 },
    { 0x02F4C, 1032, 1 },
    { 0x02F4D, 1033, 1 },
    { 0x02F4E, 1034, 1 },
    { 0x02F4F, 1035, 1 },
    { 0x02F50, 1036, 1 },
    { 0x02F51, 1037, 1 },
    { 0x02F52, 1038, 1 },
    { 0x02F53, 1039, 1 },
    { 0x02F54, 1040, 1 },
    { 0x02F55, 1041, 1 },
    { 0x02F56, 1042, 1 },
    { 0x02F57, 1043, 1 },
    { 0x02F58, 1044, 1 },
    { 0x02F59, 1045, 1 },
    { 0x02F5A, 1046, 1 },
    { 0x02F5B, 1047, 1 },
    { 0x02F5C, 1048, 1 },
    { 0x02F5D, 1049, 1 },
    { 0x02F5E, 1050, 1 },
    { 0x02F5F, 1051, 1 },
    { 0x02F60, 1052, 1 },
    { 0x02F61, 1053, 1 },
    { 0x02F62, 1054, 1 },
    { 0x02F63, 1055, 1 },
    { 0x02F64, 1056, 1 },
    { 0x02F65, 1057, 1 },
    { 0x02F66, 1058, 1 },
    { 0x02F67, 1059, 1 },
    { 0x02F68, 1060, 1 },
    { 0x02F69, 1061, 1 },
    { 0x02F6A, 1062, 1 },
    { 0x02F6B, 1063, 1 },
    { 0x02F6C, 1064, 1 },
    { 0x02F6D, 1065, 1 },
    { 0x02F6E, 1066, 1 },
    { 0x02F6F, 1067, 1 },
    { 0x02F70, 1068, 1 },
    { 0x02F71, 1069, 1 },
    { 0x02F72, 1070, 1 },
    { 0x02F73, 1071, 1 },
    { 0x02F74, 1072, 1 },
    { 0x02F75, 1073, 1 },
    { 0x02F76, 1074, 1 },
    { 0x02F77, 1075, 1 },
    { 0x02F78, 1076, 1 },
    { 0x02F79, 1077, 1 },
    { 0x02F7A, 1078, 1 },
    { 0x02F7B, 1079, 1 },
    { 0x02F7C, 1080, 1 },
    { 0x02F7D, 1081, 1 },
    { 0x02F7E, 1082, 1 },
    { 0x02F7F, 1083, 1 },
    { 0x02F80, 1084, 1 },
    { 0x02F81, 1085, 1 },
    { 0x02F82, 1086, 1 },
    { 0x02F83, 1087, 1 },
    { 0x02F84, 1088, 1 },
    { 0x02F85, 1089, 1 },
    { 0x02F86, 1090, 1 },
    { 0x02F87, 1091, 1 },
    { 0x02F88, 1092, 1 },
    { 0x02F89, 1093, 1 },
    { 0x02F8A, 1094, 1 },
    { 0x02F8B, 1095, 1 },
    { 0x02F8C, 1096, 1 },
    { 0x02F8D, 1097, 1 },
    { 0x02F8E, 1098, 1 },
    { 0x02F8F, 1099, 1 },
    { 0x02F90, 1100, 1 },
    { 0x02F91, 1101, 1 },
    { 0x02F92, 1102, 1 },
    { 0x02F93, 1103, 1 },
    { 0x02F94, 1104, 1 },
    { 0x02F95, 1105, 1 },
    { 0x02F96, 1106, 1 },
    { 0x02F97, 1107, 1 },
    { 0x02F98, 1108, 1 },
    { 0x02F99, 1109, 1 },
    { 0x02F9A, 1110, 1 },
    { 0x02F9B, 1111, 1 },
    { 0x02F9C, 1112, 1 },
    { 0x02F9D, 1113, 1 },
    { 0x02F9E, 1114, 1 },
    { 0x02F9F, 1115, 1 },
    { 0x02FA0, 1116, 1 },
    { 0x02FA1, 1117, 1 },
    { 0x02FA2, 1118, 1 },
    { 0x02FA3, 1119, 1 },
    { 0x02FA4, 1120, 1 },
    { 0x02FA5, 1121, 1 },
    { 0x02FA6, 1122, 1 },
    { 0x02FA7, 1123, 1 },
    { 0x02FA8, 1124, 1 },
    { 0x02FA9, 1125, 1 },
    { 0x02FAA, 1126, 1 },
    { 0x02FAB, 1127, 1 },
    { 0x02FAC, 1128, 1 },
    { 0x02FAD, 1129, 1 },
    { 0x02FAE, 1130, 1 },
    { 0x02FAF, 1131, 1 },
    { 0x02FB0, 1132, 1 },
    { 0x02FB1, 1133, 1 },
    { 0x02FB2, 1134, 1 },
    { 0x02FB3, 1135, 1 },
    { 0x02FB4, 1136, 1 },
    { 0x02FB5, 1137, 1 },
    { 0x02FB6, 1138, 1 },
    { 0x02FB7, 1139, 1 },
    { 0x02FB8, 1140, 1 },
    { 0x02FB9, 1141, 1 },
    { 0x02FBA, 1142, 1 },
    { 0x02FBB, 1143, 1 },
    { 0x02FBC, 1144, 1 },
    { 0x02FBD, 1145, 1 },
    { 0x02FBE, 1146, 1 },
    { 0x02FBF, 1147, 1 },
    { 0x02FC0, 1148, 1 },
    { 0x02FC1, 1149, 1 },
    { 0x02FC2, 1150, 1 },
    { 0x02FC3, 1151, 1 },
    { 0x02FC4, 1152, 1 },
    { 0x02FC5, 1153, 1 },
    { 0x02FC6, 1154, 1 },
    { 0x02FC7, 1155, 1 },
    { 0x02FC8, 1156, 1 },
    { 0x02FC9, 1157, 1 },
    { 0x02FCA, 1158, 1 },
    { 0x02FCB, 1159, 1 },
    { 0x02FCC, 1160, 1 },
    { 0x02FCD, 1161, 1 },
    { 0x02FCE, 1162, 1 },
    { 0x02FCF, 1163, 1 },
    { 0x02FD0, 1164, 1 },
    { 0x02FD1, 1165, 1 },
    { 0x02FD2, 1166, 1 },
    { 0x02FD3, 1167, 1 },
    { 0x02FD4, 1168, 1 },
    { 0x02FD5, 1169, 1 },
    { 0x03000, 1170, 1 },
    { 0x03036, 1171, 1 },
    { 0x03038, 1172, 1 },
    { 0x03039, 1173, 1 },
    { 0x0303A, 1174, 1 },
    { 0x0309B, 1175, 2 },
    { 0x0309C, 1177, 2 },
    { 0x0309F, 1179, 2 },
    { 0x030FF, 1181, 2 },
    { 0x03131, 1183, 1 },
    { 0x03132, 1184, 1 },
    { 0x03133, 1185, 1 },
    { 0x03134, 1186, 1 },
    { 0x03135, 1187, 1 },
    { 0x03136, 1188, 1 },
    { 0x03137, 1189, 1 },
    { 0x03138, 1190, 1 },
    { 0x03139, 1191, 1 },
    { 0x0313A, 1192, 1 },
    { 0x0313B, 1193, 1 },
    { 0x0313C, 1194, 1 },
    { 0x0313D, 1195, 1 },
    { 0x0313E, 1196, 1 },
    { 0x0313F, 1197, 1 },
    { 0x03140, 1198, 1 },
    { 0x03141, 1199, 1 },
    { 0x03142, 1200, 1 },
    { 0x03143, 1201, 1 },
    { 0x03144, 1202, 1 },
    { 0x03145, 1203, 1 },
    { 0x03146, 1204, 1 },
    { 0x03147, 1205, 1 },
    { 0x03148, 1206, 1 },
    { 0x03149, 1207, 1 },
    { 0x0314A, 1208, 1 },
    { 0x0314B, 1209, 1 },
    { 0x0314C, 1210, 1 },
    { 0x0314D, 1211, 1 },
    { 0x0314E, 1212, 1 },
    { 0x0314F, 1213, 1 },
    { 0x03150, 1214, 1 },
    { 0x03151, 1215, 1 },
    { 0x03152, 1216, 1 },
    { 0x03153, 1217, 1 },
    { 0x03154, 1218, 1 },
    { 0x03155, 1219, 1 },
    { 0x03156, 1220, 1 },
    { 0x03157, 1221, 1 },
    { 0x03158, 1222, 1 },
    { 0x03159, 1223, 1 },
    { 0x0315A, 1224, 1 },
    { 0x0315B, 1225, 1 },
    { 0x0315C, 1226, 1 },
    { 0x0315D, 1227, 1 },
    { 0x0315E, 1228, 1 },
    { 0x0315F, 1229, 1 },
    { 0x03160, 1230, 1 },
    { 0x03161, 1231, 1 },
    { 0x03162, 1232, 1 },
    { 0x03163, 1233, 1 },
    { 0x03164, 1234, 1 },
    { 0x03165, 1235, 1 },
    { 0x03166, 1236, 1 },
    { 0x03167, 1237, 1 },
    { 0x03168, 1238, 1 },
    { 0x03169, 1239, 1 },
    { 0x0316A, 1240, 1 },
    { 0x0316B, 1241, 1 },
    { 0x0316C, 1242, 1 },
    { 0x0316D, 1243, 1 },
    { 0x0316E, 1244, 1 },
    { 0x0316F, 1245, 1 },
    { 0x03170, 1246, 1 },
    { 0x03171, 1247, 1 },
    { 0x03172, 1248, 1 },
    { 0x03173, 1249, 1 },
    { 0x03174, 1250, 1 },
    { 0x03175, 1251, 1 },
    { 0x03176, 1252, 1 },
    { 0x03177, 1253, 1 },
    { 0x03178, 1254, 1 },
    { 0x03179, 1255, 1 },
    { 0x0317A, 1256, 1 },
    { 0x0317B, 1257, 1 },
    { 0x0317C, 1258, 1 },
    { 0x0317D, 1259, 1 },
    { 0x0317E, 1260, 1 },
    { 0x0317F, 1261, 1 },
    { 0x03180, 1262, 1 },
    { 0x03181, 1263, 1 },
    { 0x03182, 1264, 1 },
    { 0x03183, 1265, 1 },
    { 0x03184, 1266, 1 },
    { 0x03185, 1267, 1 },
    { 0x03186, 1268, 1 },
    { 0x03187, 1269, 1 },
    { 0x03188, 1270, 1 },
    { 0x03189, 1271, 1 },
    { 0x0318A, 1272, 1 },
    { 0x0318B, 1273, 1 },
    { 0x0318C, 1274, 1 },
    { 0x0318D, 1275, 1 },
    { 0x0318E, 1276, 1 },
    { 0x03192, 1277, 1 },
    { 0x03193, 1278, 1 },
    { 0x03194, 1279, 1 },
    { 0x03195, 1280, 1 },
    { 0x03196, 1281, 1 },
    { 0x03197, 1282, 1 },
    { 0x03198, 1283, 1 },
    { 0x03199, 1284, 1 },
    { 0x0319A, 1285, 1 },
    { 0x0319B, 1286, 1 },
    { 0x0319C, 1287, 1 },
    { 0x0319D, 1288, 1 },
    { 0x0319E, 1289, 1 },
    { 0x0319F, 1290, 1 },
    { 0x03200, 1291, 3 },
    { 0x03201, 1294, 3 },
    { 0x03202, 1297, 3 },
    { 0x03203, 1300, 3 },
    { 0x03204, 1303, 3 },
    { 0x03205, 1306, 3 },
    { 0x03206, 1309, 3 },
    { 0x03207, 1312, 3 },
    { 0x03208, 1315, 3 },
    { 0x03209, 1318, 3 },
    { 0x0320A, 1321, 3 },
    { 0x0320B, 1324, 3 },
    { 0x0320C, 1327, 3 },
    { 0x0320D, 1330, 3 },
    { 0x0320E, 1333, 3 },
    { 0x0320F, 1336, 3 },
    { 0x03210, 1339, 3 },
    { 0x03211, 1342, 3 },
    { 0x03212, 1345, 3 },
    { 0x03213, 1348, 3 },
    { 0x03214, 1351, 3 },
    { 0x03215, 1354, 3 },
    { 0x03216, 1357, 3 },
    { 0x03217, 1360, 3 },
    { 0x03218, 1363, 3 },
    { 0x03219, 1366, 3 },
    { 0x0321A, 1369, 3 },
    { 0x0321B, 1372, 3 },
    { 0x0321C, 1375, 3 },
    { 0x0321D, 1378, 4 },
    { 0x0321E, 1382, 4 },
    { 0x03220, 1386, 3 },
    { 0x03221, 1389, 3 },
    { 0x03222, 1392, 3 },
    { 0x03223, 1395, 3 },
    { 0x03224, 1398, 3 },
    { 0x03225, 1401, 3 },
    { 0x03226, 1404, 3 },
    { 0x03227, 1407, 3 },
    { 0x03228, 1410, 3 },
    { 0x03229, 1413, 3 },
    { 0x0322A, 1416, 3 },
    { 0x0322B, 1419, 3 },
    { 0x0322C, 1422, 3 },
    { 0x0322D, 1425, 3 },
    { 0x0322E, 1428, 3 },
    { 0x0322F, 1431, 3 },
    { 0x03230, 1434, 3 },
    { 0x03231, 1437, 3 },
    { 0x03232, 1440, 3 },
    { 0x03233, 1443, 3 },
    { 0x03234, 1446, 3 },
    { 0x03235, 1449, 3 },
    { 0x03236, 1452, 3 },
    { 0x03237, 1455, 3 },
    { 0x03238, 1458, 3 },
    { 0x03239, 1461, 3 },
    { 0x0323A, 1464, 3 },
    { 0x0323B, 1467, 3 },
    { 0x0323C, 1470, 3 },
    { 0x0323D, 1473, 3 },
    { 0x0323E, 1476, 3 },
    { 0x0323F, 1479, 3 },
    { 0x03240, 1482, 3 },
    { 0x03241, 1485, 3 },
    { 0x03242, 1488, 3 },
    { 0x03243, 1491, 3 },
    { 0x03244, 1494, 1 },
    { 0x03245, 1495, 1 },
    { 0x03246, 1496, 1 },
    { 0x03247, 1497, 1 },
    { 0x03250, 1498, 3 },
    { 0x03251, 1501, 2 },
    { 0x03252, 1503, 2 },
    { 0x03253, 1505, 2 },
    { 0x03254, 1507, 2 },
    { 0x03255, 1509, 2 },
    { 0x03256, 1511, 2 },
    { 0x03257, 1513, 2 },
    { 0x03258, 1515, 2 },
    { 0x03259, 1517, 2 },
    { 0x0325A, 1519, 2 },
    { 0x0325B, 1521, 2 },
    { 0x0325C, 1523, 2 },
    { 0x0325D, 1525, 2 },
    { 0x0325E, 1527, 2 },
    { 0x0325F, 1529, 2 },
    { 0x03260, 1531, 1 },
    { 0x03261, 1532, 1 },
    { 0x03262, 1533, 1 },
    { 0x03263, 1534, 1 },
    { 0x03264, 1535, 1 },
    { 0x03265, 1536, 1 },
    { 0x03266, 1537, 1 },
    { 0x03267, 1538, 1 },
    { 0x03268, 1539, 1 },
    { 0x03269, 1540, 1 },
    { 0x0326A, 1541, 1 },
    { 0x0326B, 1542, 1 },
    { 0x0326C, 1543, 1 },
    { 0x0326D, 1544, 1 },
    { 0x0326E, 1545, 1 },
    { 0x0326F, 1546, 1 },
    { 0x03270, 1547, 1 },
    { 0x03271, 1548, 1 },
    { 0x03272, 1549, 1 },
    { 0x03273, 1550, 1 },
    { 0x03274, 1551, 1 },
    { 0x03275, 1552, 1 },
    { 0x03276, 1553, 1 },
    { 0x03277, 1554, 1 },
    { 0x03278, 1555, 1 },
    { 0x03279, 1556, 1 },
    { 0x0327A, 1557, 1 },
    { 0x0327B, 1558, 1 },
    { 0x0327C, 1559, 2 },
    { 0x0327D, 1561, 2 },
    { 0x0327E, 1563, 1 },
    { 0x03280, 1564, 1 },
    { 0x03281, 1565, 1 },
    { 0x03282, 1566, 1 },
    { 0x03283, 1567, 1 },
    { 0x03284, 1568, 1 },
    { 0x03285, 1569, 1 },
    { 0x03286, 1570, 1 },
    { 0x03287, 1571, 1 },
    { 0x03288, 1572, 1 },
    { 0x03289, 1573, 1 },
    { 0x0328A, 1574, 1 },
    { 0x0328B, 1575, 1 },
    { 0x0328C, 1576, 1 },
    { 0x0328D, 1577, 1 },
    { 0x0328E, 1578, 1 },
    { 0x0328F, 1579, 1 },
    { 0x03290, 1580, 1 },
    { 0x03291, 1581, 1 },
    { 0x03292, 1582, 1 },
    { 0x03293, 1583, 1 },
    { 0x03294, 1584, 1 },
    { 0x03295, 1585, 1 },
    { 0x03296, 1586, 1 },
    { 0x03297, 1587, 1 },
    { 0x03298, 1588, 1 },
    { 0x03299, 1589, 1 },
    { 0x0329A, 1590, 1 },
    { 0x0329B, 1591, 1 },
    { 0x0329C, 1592, 1 },
    { 0x0329D, 1593, 1 },
    { 0x0329E, 1594, 1 },
    { 0x0329F, 1595, 1 },
    { 0x032A0, 1596, 1 },
    { 0x032A1, 1597, 1 },
    { 0x032A2, 1598, 1 },
    { 0x032A3, 1599, 1 },
    { 0x032A4, 1600, 1 },
    { 0x032A5, 1601, 1 },
    { 0x032A6, 1602, 1 },
    { 0x032A7, 1603, 1 },
    { 0x032A8, 1604, 1 },
    { 0x032A9, 1605, 1 },
    { 0x032AA, 1606, 1 },
    { 0x032AB, 1607, 1 },
    { 0x032AC, 1608, 1 },
    { 0x032AD, 1609, 1 },
    { 0x032AE, 1610, 1 },
    { 0x032AF, 1611, 1 },
    { 0x032B0, 1612, 1 },
    { 0x032B1, 1613, 2 },
    { 0x032B2, 1615, 2 },
    { 0x032B3, 1617, 2 },
    { 0x032B4, 1619, 2 },
    { 0x032B5, 1621, 2 },
    { 0x032B6, 1623, 2 },
    { 0x032B7, 1625, 2 },
    { 0x032B8, 1627, 2 },
    { 0x032B9, 1629, 2 },
    { 0x032BA, 1631, 2 },
    { 0x032BB, 1633, 2 },
    { 0x032BC, 1635, 2 },
    { 0x032BD, 1637, 2 },
    { 0x032BE, 1639, 2 },
    { 0x032BF, 1641, 2 },
    { 0x032C0, 1643, 2 },
    { 0x032C1, 1645, 2 },
    { 0x032C2, 1647, 2 },
    { 0x032C3, 1649, 2 },
    { 0x032C4, 1651, 2 },
    { 0x032C5, 1653, 2 },
    { 0x032C6, 1655, 2 },
    { 0x032C7, 1657, 2 },
    { 0x032C8, 1659, 2 },
    { 0x032C9, 1661, 3 },
    { 0x032CA, 1664, 3 },
    { 0x032CB, 1667, 3 },
    { 0x032CC, 1670, 2 },
    { 0x032CD, 1672, 3 },
    { 0x032CE, 1675, 2 },
    { 0x032CF, 1677, 3 },
    { 0x032D0, 1680, 1 },
    { 0x032D1, 1681, 1 },
    { 0x032D2, 1682, 1 },
    { 0x032D3, 1683, 1 },
    { 0x032D4, 1684, 1 },
    { 0x032D5, 1685, 1 },
    { 0x032D6, 1686, 1 },
    { 0x032D7, 1687, 1 },
    { 0x032D8, 1688, 1 },
    { 0x032D9, 1689, 1 },
    { 0x032DA, 1690, 1 },
    { 0x032DB, 1691, 1 },
    { 0x032DC, 1692, 1 },
    { 0x032DD, 1693, 1 },
    { 0x032DE, 1694, 1 },
    { 0x032DF, 1695, 1 },
    { 0x032E0, 1696, 1 },
    { 0x032E1, 1697, 1 },
    { 0x032E2, 1698, 1 },
    { 0x032E3, 1699, 1 },
    { 0x032E4, 1700, 1 },
    { 0x032E5, 1701, 1 },
    { 0x032E6, 1702, 1 },
    { 0x032E7, 1703, 1 },
    { 0x032E8, 1704, 1 },
    { 0x032E9, 1705, 1 },
    { 0x032EA, 1706, 1 },
    { 0x032EB, 1707, 1 },
    { 0x032EC, 1708, 1 },
    { 0x032ED, 1709, 1 },
    { 0x032EE, 1710, 1 },
    { 0x032EF, 1711, 1 },
    { 0x032F0, 1712, 1 },
    { 0x032F1, 1713, 1 },
    { 0x032F2, 1714, 1 },
    { 0x032F3, 1715, 1 },
    { 0x032F4, 1716, 1 },
    { 0x032F5, 1717, 1 },
    { 0x032F6, 1718, 1 },
    { 0x032F7, 1719, 1 },
    { 0x032F8, 1720, 1 },
    { 0x032F9, 1721, 1 },
    { 0x032FA, 1722, 1 },
    { 0x032FB, 1723, 1 },
    { 0x032FC, 1724, 1 },
    { 0x032FD, 1725, 1 },
    { 0x032FE, 1726, 1 },
    { 0x032FF, 1727, 2 },
    { 0x03300, 1729, 4 },
    { 0x03301, 1733, 4 },
    { 0x03302, 1737, 4 },
    { 0x03303, 1741, 3 },
    { 0x03304, 1744, 4 },
    { 0x03305, 1748, 3 },
    { 0x03306, 1751, 3 },
    { 0x03307, 1754, 5 },
    { 0x03308, 1759, 4 },
    { 0x03309, 1763, 3 },
    { 0x0330A, 1766, 3 },
    { 0x0330B, 1769, 3 },
    { 0x0330C, 1772, 4 },
    { 0x0330D, 1776, 4 },
    { 0x0330E, 1780, 3 },
    { 0x0330F, 1783, 3 },
    { 0x03310, 1786, 2 },
    { 0x03311, 1788, 3 },
    { 0x03312, 1791, 4 },
    { 0x03313, 1795, 4 },
    { 0x03314, 1799, 2 },
    { 0x03315, 1801, 5 },
    { 0x03316, 1806, 6 },
    { 0x03317, 1812, 5 },
    { 0x03318, 1817, 3 },
    { 0x03319, 1820, 5 },
    { 0x0331A, 1825, 5 },
    { 0x0331B, 1830, 4 },
    { 0x0331C, 1834, 3 },
    { 0x0331D, 1837, 3 },
    { 0x0331E, 1840, 3 },
    { 0x0331F, 1843, 4 },
    { 0x03320, 1847, 5 },
    { 0x03321, 1852, 4 },
    { 0x03322, 1856, 3 },
    { 0x03323, 1859, 3 },
    { 0x03324, 1862, 3 },
    { 0x03325, 1865, 2 },
    { 0x03326, 1867, 2 },
    { 0x03327, 1869, 2 },
    { 0x03328, 1871, 2 },
    { 0x03329, 1873, 3 },
    { 0x0332A, 1876, 3 },
    { 0x0332B, 1879, 5 },
    { 0x0332C, 1884, 3 },
    { 0x0332D, 1887, 4 },
    { 0x0332E, 1891, 5 },
    { 0x0332F, 1896, 3 },
    { 0x03330, 1899, 2 },
    { 0x03331, 1901, 2 },
    { 0x03332, 1903, 5 },
    { 0x03333, 1908, 4 },
    { 0x03334, 1912, 5 },
    { 0x03335, 1917, 3 },
    { 0x03336, 1920, 5 },
    { 0x03337, 1925, 2 },
    { 0x03338, 1927, 3 },
    { 0x03339, 1930, 3 },
    { 0x0333A, 1933, 3 },
    { 0x0333B, 1936, 3 },
    { 0x0333C, 1939, 3 },
    { 0x0333D, 1942, 4 },
    { 0x0333E, 1946, 3 },
    { 0x0333F, 1949, 2 },
    { 0x03340, 1951, 3 },
    { 0x03341, 1954, 3 },
    { 0x03342, 1957, 3 },
    { 0x03343, 1960, 4 },
    { 0x03344, 1964, 3 },
    { 0x03345, 1967, 3 },
    { 0x03346, 1970, 3 },
    { 0x03347, 1973, 5 },
    { 0x03348, 1978, 4 },
    { 0x03349, 1982, 2 },
    { 0x0334A, 1984, 5 },
    { 0x0334B, 1989, 2 },
    { 0x0334C, 1991, 4 },
    { 0x0334D, 1995, 4 },
    { 0x0334E, 1999, 3 },
    { 0x0334F, 2002, 3 },
    { 0x03350, 2005, 3 },
    { 0x03351, 2008, 4 },
    { 0x03352, 2012, 2 },
    { 0x03353, 2014, 3 },
    { 0x03354, 2017, 4 },
    { 0x03355, 2021, 2 },
    { 0x03356, 2023, 5 },
    { 0x03357, 2028, 3 },
    { 0x03358, 2031, 2 },
    { 0x03359, 2033, 2 },
    { 0x0335A, 2035, 2 },
    { 0x0335B, 2037, 2 },
    { 0x0335C, 2039, 2 },
    { 0x0335D, 2041, 2 },
    { 0x0335E, 2043, 2 },
    { 0x0335F, 2045, 2 },
    { 0x03360, 2047, 2 },
    { 0x03361, 2049, 2 },
    { 0x03362, 2051, 3 },
    { 0x03363, 2054, 3 },
    { 0x03364, 2057, 3 },
    { 0x03365, 2060, 3 },
    { 0x03366, 2063, 3 },
    { 0x03367, 2066, 3 },
    { 0x03368, 2069, 3 },
    { 0x03369, 2072, 3 },
    { 0x0336A, 2075, 3 },
    { 0x0336B, 2078, 3 },
    { 0x0336C, 2081, 3 },
    { 0x0336D, 2084, 3 },
    { 0x0336E, 2087, 3 },
    { 0x0336F, 2090, 3 },
    { 0x03370, 2093, 3 },
    { 0x03371, 2096, 3 },
    { 0x03372, 2099, 2 },
    { 0x03373, 2101, 2 },
    { 0x03374, 2103, 3 },
    { 0x03375, 2106, 2 },
    { 0x03376, 2108, 2 },
    { 0x03377, 2110, 2 },
    { 0x03378, 2112, 3 },
    { 0x03379, 2115, 3 },
    { 0x0337A, 2118, 2 },
    { 0x0337B, 2120, 2 },
    { 0x0337C, 2122, 2 },
    { 0x0337D, 2124, 2 },
    { 0x0337E, 2126, 2 },
    { 0x0337F, 2128, 4 },
    { 0x03380, 2132, 2 },
    { 0x03381, 2134, 2 },
    { 0x03382, 2136, 2 },
    { 0x03383, 2138, 2 },
    { 0x03384, 2140, 2 },
    { 0x03385, 2142, 2 },
    { 0x03386, 2144, 2 },
    { 0x03387, 2146, 2 },
    { 0x03388, 2148, 3 },
    { 0x03389, 2151, 4 },
    { 0x0338A, 2155, 2 },
    { 0x0338B, 2157, 2 },
    { 0x0338C, 2159, 2 },
    { 0x0338D, 2161, 2 },
    { 0x0338E, 2163, 2 },
    { 0x0338F, 2165, 2 },
    { 0x03390, 2167, 2 },
    { 0x03391, 2169, 3 },
    { 0x03392, 2172, 3 },
    { 0x03393, 2175, 3 },
    { 0x03394, 2178, 3 },
    { 0x03395, 2181, 2 },
    { 0x03396, 2183, 2 },
    { 0x03397, 2185, 2 },
    { 0x03398, 2187, 2 },
    { 0x03399, 2189, 2 },
    { 0x0339A, 2191, 2 },
    { 0x0339B, 2193, 2 },
    { 0x0339C, 2195, 2 },
    { 0x0339D, 2197, 2 },
    { 0x0339E, 2199, 2 },
    { 0x0339F, 2201, 3 },
    { 0x033A0, 2204, 3 },
    { 0x033A1, 2207, 2 },
    { 0x033A2, 2209, 3 },
    { 0x033A3, 2212, 3 },
    { 0x033A4, 2215, 3 },
    { 0x033A5, 2218, 2 },
    { 0x033A6, 2220, 3 },
    { 0x033A7, 2223, 3 },
    { 0x033A8, 2226, 4 },
    { 0x033A9, 2230, 2 },
    { 0x033AA, 2232, 3 },
    { 0x033AB, 2235, 3 },
    { 0x033AC, 2238, 3 },
    { 0x033AD, 2241, 3 },
    { 0x033AE, 2244, 5 },
    { 0x033AF, 2249, 6 },
    { 0x033B0, 2255, 2 },
    { 0x033B1, 2257, 2 },
    { 0x033B2, 2259, 2 },
    { 0x033B3, 2261, 2 },
    { 0x033B4, 2263, 2 },
    { 0x033B5, 2265, 2 },
    { 0x033B6, 2267, 2 },
    { 0x033B7, 2269, 2 },
    { 0x033B8, 2271, 2 },
    { 0x033B9, 2273, 2 },
    { 0x033BA, 2275, 2 },
    { 0x033BB, 2277, 2 },
    { 0x033BC, 2279, 2 },
    { 0x033BD, 2281, 2 },
    { 0x033BE, 2283, 2 },
    { 0x033BF, 2285, 2 },
    { 0x033C0, 2287, 2 },
    { 0x033C1, 2289, 2 },
    { 0x033C2, 2291, 4 },
    { 0x033C3, 2295, 2 },
    { 0x033C4, 2297, 2 },
    { 0x033C5, 2299, 2 },
    { 0x033C6, 2301, 4 },
    { 0x033C7, 2305, 3 },
    { 0x033C8, 2308, 2 },
    { 0x033C9, 2310, 2 },
    { 0x033CA, 2312, 2 },
    { 0x033CB, 2314, 2 },
    { 0x033CC, 2316, 2 },
    { 0x033CD, 2318, 2 },
    { 0x033CE, 2320, 2 },
    { 0x033CF, 2322, 2 },
    { 0x033D0, 2324, 2 },
    { 0x033D1, 2326, 2 },
    { 0x033D2, 2328, 3 },
    { 0x033D3, 2331, 2 },
    { 0x033D4, 2333, 2 },
    { 0x033D5, 2335, 3 },
    { 0x033D6, 2338, 3 },
    { 0x033D7, 2341, 2 },
    { 0x033D8, 2343, 4 },
    { 0x033D9, 2347, 3 },
    { 0x033DA, 2350, 2 },
    { 0x033DB, 2352, 2 },
    { 0x033DC, 2354, 2 },
    { 0x033DD, 2356, 2 },
    { 0x033DE, 2358, 3 },
    { 0x033DF, 2361, 3 },
    { 0x033E0, 2364, 2 },
    { 0x033E1, 2366, 2 },
    { 0x033E2, 2368, 2 },
    { 0x033E3, 2370, 2 },
    { 0x033E4, 2372, 2 },
    { 0x033E5, 2374, 2 },
    { 0x033E6, 2376, 2 },
    { 0x033E7, 2378, 2 },
    { 0x033E8, 2380, 2 },
    { 0x033E9, 2382, 3 },
    { 0x033EA, 2385, 3 },
    { 0x033EB, 2388, 3 },
    { 0x033EC, 2391, 3 },
    { 0x033ED, 2394, 3 },
    { 0x033EE, 2397, 3 },
    { 0x033EF, 2400, 3 },
    { 0x033F0, 2403, 3 },
    { 0x033F1, 2406, 3 },
    { 0x033F2, 2409, 3 },
    { 0x033F3, 2412, 3 },
    { 0x033F4, 2415, 3 },
    { 0x033F5, 2418, 3 },
    { 0x033F6, 2421, 3 },
    { 0x033F7, 2424, 3 },
    { 0x033F8, 2427, 3 },
    { 0x033F9, 2430, 3 },
    { 0x033FA, 2433, 3 },
    { 0x033FB, 2436, 3 },
    { 0x033FC, 2439, 3 },
    { 0x033FD, 2442, 3 },
    { 0x033FE, 2445, 3 },
    { 0x033FF, 2448, 3 },
    { 0x0A69C, 2451, 1 },
    { 0x0A69D, 2452, 1 },
    { 0x0A770, 2453, 1 },
    { 0x0A7F1, 2454, 1 },
    { 0x0A7F2, 2455, 1 },
    { 0x0A7F3, 2456, 1 },
    { 0x0A7F4, 2457, 1 },
    { 0x0A7F8, 2458, 1 },
    { 0x0A7F9, 2459, 1 },
    { 0x0AB5C, 2460, 1 },
    { 0x0AB5D, 2461, 1 },
    { 0x0AB5E, 2462, 1 },
    { 0x0AB5F, 2463, 1 },
    { 0x0AB69, 2464, 1 },
    { 0x0F900, 2465, 1 },
    { 0x0F901, 2466, 1 },
    { 0x0F902, 2467, 1 },
    { 0x0F903, 2468, 1 },
    { 0x0F904, 2469, 1 },
    { 0x0F905, 2470, 1 },
    { 0x0F906, 2471, 1 },
    { 0x0F907, 2472, 1 },
    { 0x0F908, 2473, 1 },
    { 0x0F909, 2474, 1 },
    { 0x0F90A, 2475, 1 },
    { 0x0F90B, 2476, 1 },
    { 0x0F90C, 2477, 1 },
    { 0x0F90D, 2478, 1 },
    { 0x0F90E, 2479, 1 },
    { 0x0F90F, 2480, 1 },
    { 0x0F910, 2481, 1 },
    { 0x0F911, 2482, 1 },
    { 0x0F912, 2483, 1 },
    { 0x0F913, 2484, 1 },
    { 0x0F914, 2485, 1 },
    { 0x0F915, 2486, 1 },
    { 0x0F916, 2487, 1 },
    { 0x0F917, 2488, 1 },
    { 0x0F918, 2489, 1 },
    { 0x0F919, 2490, 1 },
    { 0x0F91A, 2491, 1 },
    { 0x0F91B, 2492, 1 },
    { 0x0F91C, 2493, 1 },
    { 0x0F91D, 2494, 1 },
    { 0x0F91E, 2495, 1 },
    { 0x0F91F, 2496, 1 },
    { 0x0F920, 2497, 1 },
    { 0x0F921, 2498, 1 },
    { 0x0F922, 2499, 1 },
    { 0x0F923, 2500, 1 },
    { 0x0F924, 2501, 1 },
    { 0x0F925, 2502, 1 },
    { 0x0F926, 2503, 1 },
    { 0x0F927, 2504, 1 },
    { 0x0F928, 2505, 1 },
    { 0x0F929, 2506, 1 },
    { 0x0F92A, 2507, 1 },
    { 0x0F92B, 2508, 1 },
    { 0x0F92C, 2509, 1 },
    { 0x0F92D, 2510, 1 },
    { 0x0F92E, 2511, 1 },
    { 0x0F92F, 2512, 1 },
    { 0x0F930, 2513, 1 },
    { 0x0F931, 2514, 1 },
    { 0x0F932, 2515, 1 },
    { 0x0F933, 2516, 1 },
    { 0x0F934, 2517, 1 },
    { 0x0F935, 2518, 1 },
    { 0x0F936, 2519, 1 },
    { 0x0F937, 2520, 1 },
    { 0x0F938, 2521, 1 },
    { 0x0F939, 2522, 1 },
    { 0x0F93A, 2523, 1 },
    { 0x0F93B, 2524, 1 },
    { 0x0F93C, 2525, 1 },
    { 0x0F93D, 2526, 1 },
    { 0x0F93E, 2527, 1 },
    { 0x0F93F, 2528, 1 },
    { 0x0F940, 2529, 1 },
    { 0x0F941, 2530, 1 },
    { 0x0F942, 2531, 1 },
    { 0x0F943, 2532, 1 },
    { 0x0F944, 2533, 1 },
    { 0x0F945, 2534, 1 },
    { 0x0F946, 2535, 1 },
    { 0x0F947, 2536, 1 },
    { 0x0F948, 2537, 1 },
    { 0x0F949, 2538, 1 },
    { 0x0F94A, 2539, 1 },
    { 0x0F94B, 2540, 1 },
    { 0x0F94C, 2541, 1 },
    { 0x0F94D, 2542, 1 },
    { 0x0F94E, 2543, 1 },
    { 0x0F94F, 2544, 1 },
    { 0x0F950, 2545, 1 },
    { 0x0F951, 2546, 1 },
    { 0x0F952, 2547, 1 },
    { 0x0F953, 2548, 1 },
    { 0x0F954, 2549, 1 },
    { 0x0F955, 2550, 1 },
    { 0x0F956, 2551, 1 },
    { 0x0F957, 2552, 1 },
    { 0x0F958, 2553, 1 },
    { 0x0F959, 2554, 1 },
    { 0x0F95A, 2555, 1 },
    { 0x0F95B, 2556, 1 },
    { 0x0F95C, 2557, 1 },
    { 0x0F95D, 2558, 1 },
    { 0x0F95E, 2559, 1 },
    { 0x0F95F, 2560, 1 },
    { 0x0F960, 2561, 1 },
    { 0x0F961, 2562, 1 },
    { 0x0F962, 2563, 1 },
    { 0x0F963, 2564, 1 },
    { 0x0F964, 2565, 1 },
    { 0x0F965, 2566, 1 },
    { 0x0F966, 2567, 1 },
    { 0x0F967, 2568, 1 },
    { 0x0F968, 2569, 1 },
    { 0x0F969, 2570, 1 },
    { 0x0F96A, 2571, 1 },
    { 0x0F96B, 2572, 1 },
    { 0x0F96C, 2573, 1 },
    { 0x0F96D, 2574, 1 },
    { 0x0F96E, 2575, 1 },
    { 0x0F96F, 2576, 1 },
    { 0x0F970, 2577, 1 },
    { 0x0F971, 2578, 1 },
    { 0x0F972, 2579, 1 },
    { 0x0F973, 2580, 1 },
    { 0x0F974, 2581, 1 },
    { 0x0F975, 2582, 1 },
    { 0x0F976, 2583, 1 },
    { 0x0F977, 2584, 1 },
    { 0x0F978, 2585, 1 },
    { 0x0F979, 2586, 1 },
    { 0x0F97A, 2587, 1 },
    { 0x0F97B, 2588, 1 },
    { 0x0F97C, 2589, 1 },
    { 0x0F97D, 2590, 1 },
    { 0x0F97E, 2591, 1 },
    { 0x0F97F, 2592, 1 },
    { 0x0F980, 2593, 1 },
    { 0x0F981, 2594, 1 },
    { 0x0F982, 2595, 1 },
    { 0x0F983, 2596, 1 },
    { 0x0F984, 2597, 1 },
    { 0x0F985, 2598, 1 },
    { 0x0F986, 2599, 1 },
    { 0x0F987, 2600, 1 },
    { 0x0F988, 2601, 1 },
    { 0x0F989, 2602, 1 },
    { 0x0F98A, 2603, 1 },
    { 0x0F98B, 2604, 1 },
    { 0x0F98C, 2605, 1 },
    { 0x0F98D, 2606, 1 },
    { 0x0F98E, 2607, 1 },
    { 0x0F98F, 2608, 1 },
    { 0x0F990, 2609, 1 },
    { 0x0F991, 2610, 1 },
    { 0x0F992, 2611, 1 },
    { 0x0F993, 2612, 1 },
    { 0x0F994, 2613, 1 },
    { 0x0F995, 2614, 1 },
    { 0x0F996, 2615, 1 },
    { 0x0F997, 2616, 1 },
    { 0x0F998, 2617, 1 },
    { 0x0F999, 2618, 1 },
    { 0x0F99A, 2619, 1 },
    { 0x0F99B, 2620, 1 },
    { 0x0F99C, 2621, 1 },
    { 0x0F99D, 2622, 1 },
    { 0x0F99E, 2623, 1 },
    { 0x0F99F, 2624, 1 },
    { 0x0F9A0, 2625, 1 },
    { 0x0F9A1, 2626, 1 },
    { 0x0F9A2, 2627, 1 },
    { 0x0F9A3, 2628, 1 },
    { 0x0F9A4, 2629, 1 },
    { 0x0F9A5, 2630, 1 },
    { 0x0F9A6, 2631, 1 },
    { 0x0F9A7, 2632, 1 },
    { 0x0F9A8, 2633, 1 },
    { 0x0F9A9, 2634, 1 },
    { 0x0F9AA, 2635, 1 },
    { 0x0F9AB, 2636, 1 },
    { 0x0F9AC, 2637, 1 },
    { 0x0F9AD, 2638, 1 },
    { 0x0F9AE, 2639, 1 },
    { 0x0F9AF, 2640, 1 },
    { 0x0F9B0, 2641, 1 },
    { 0x0F9B1, 2642, 1 },
    { 0x0F9B2, 2643, 1 },
    { 0x0F9B3, 2644, 1 },
    { 0x0F9B4, 2645, 1 },
    { 0x0F9B5, 2646, 1 },
    { 0x0F9B6, 2647, 1 },
    { 0x0F9B7, 2648, 1 },
    { 0x0F9B8, 2649, 1 },
    { 0x0F9B9, 2650, 1 },
    { 0x0F9BA, 2651, 1 },
    { 0x0F9BB, 2652, 1 },
    { 0x0F9BC, 2653, 1 },
    { 0x0F9BD, 2654, 1 },
    { 0x0F9BE, 2655, 1 },
    { 0x0F9BF, 2656, 1 },
    { 0x0F9C0, 2657, 1 },
    { 0x0F9C1, 2658, 1 },
    { 0x0F9C2, 2659, 1 },
    { 0x0F9C3, 2660, 1 },
    { 0x0F9C4, 2661, 1 },
    { 0x0F9C5, 2662, 1 },
    { 0x0F9C6, 2663, 1 },
    { 0x0F9C7, 2664, 1 },
    { 0x0F9C8, 2665, 1 },
    { 0x0F9C9, 2666, 1 },
    { 0x0F9CA, 2667, 1 },
    { 0x0F9CB, 2668, 1 },
    { 0x0F9CC, 2669, 1 },
    { 0x0F9CD, 2670, 1 },
    { 0x0F9CE, 2671, 1 },
    { 0x0F9CF, 2672, 1 },
    { 0x0F9D0, 2673, 1 },
    { 0x0F9D1, 2674, 1 },
    { 0x0F9D2, 2675, 1 },
    { 0x0F9D3, 2676, 1 },
    { 0x0F9D4, 2677, 1 },
    { 0x0F9D5, 2678, 1 },
    { 0x0F9D6, 2679, 1 },
    { 0x0F9D7, 2680, 1 },
    { 0x0F9D8, 2681, 1 },
    { 0x0F9D9, 2682, 1 },
    { 0x0F9DA, 2683, 1 },
    { 0x0F9DB, 2684, 1 },
    { 0x0F9DC, 2685, 1 },
    { 0x0F9DD, 2686, 1 },
    { 0x0F9DE, 2687, 1 },
    { 0x0F9DF, 2688, 1 },
    { 0x0F9E0, 2689, 1 },
    { 0x0F9E1, 2690, 1 },
    { 0x0F9E2, 2691, 1 },
    { 0x0F9E3, 2692, 1 },
    { 0x0F9E4, 2693, 1 },
    { 0x0F9E5, 2694, 1 },
    { 0x0F9E6, 2695, 1 },
    { 0x0F9E7, 2696, 1 },
    { 0x0F9E8, 2697, 1 },
    { 0x0F9E9, 2698, 1 },
    { 0x0F9EA, 2699, 1 },
    { 0x0F9EB, 2700, 1 },
    { 0x0F9EC, 2701, 1 },
    { 0x0F9ED, 2702, 1 },
    { 0x0F9EE, 2703, 1 },
    { 0x0F9EF, 2704, 1 },
    { 0x0F9F0, 2705, 1 },
    { 0x0F9F1, 2706, 1 },
    { 0x0F9F2, 2707, 1 },
    { 0x0F9F3, 2708, 1 },
    { 0x0F9F4, 2709, 1 },
    { 0x0F9F5, 2710, 1 },
    { 0x0F9F6, 2711, 1 },
    { 0x0F9F7, 2712, 1 },
    { 0x0F9F8, 2713, 1 },
    { 0x0F9F9, 2714, 1 },
    { 0x0F9FA, 2715, 1 },
    { 0x0F9FB, 2716, 1 },
    { 0x0F9FC, 2717, 1 },
    { 0x0F9FD, 2718, 1 },
    { 0x0F9FE, 2719, 1 },
    { 0x0F9FF, 2720, 1 },
    { 0x0FA00, 2721, 1 },
    { 0x0FA01, 2722, 1 },
    { 0x0FA02, 2723, 1 },
    { 0x0FA03, 2724, 1 },
    { 0x0FA04, 2725, 1 },
    { 0x0FA05, 2726, 1 },
    { 0x0FA06, 2727, 1 },
    { 0x0FA07, 2728, 1 },
    { 0x0FA08, 2729, 1 },
    { 0x0FA09, 2730, 1 },
    { 0x0FA0A, 2731, 1 },
    { 0x0FA0B, 2732, 1 },
    { 0x0FA0C, 2733, 1 },
    { 0x0FA0D, 2734, 1 },
    { 0x0FA10, 2735, 1 },
    { 0x0FA12, 2736, 1 },
    { 0x0FA15, 2737, 1 },
    { 0x0FA16, 2738, 1 },
    { 0x0FA17, 2739, 1 },
    { 0x0FA18, 2740, 1 },
    { 0x0FA19, 2741, 1 },
    { 0x0FA1A, 2742, 1 },
    { 0x0FA1B, 2743, 1 },
    { 0x0FA1C, 2744, 1 },
    { 0x0FA1D, 2745, 1 },
    { 0x0FA1E, 2746, 1 },
    { 0x0FA20, 2747, 1 },
    { 0x0FA22, 2748, 1 },
    { 0x0FA25, 2749, 1 },
    { 0x0FA26, 2750, 1 },
    { 0x0FA2A, 2751, 1 },
    { 0x0FA2B, 2752, 1 },
    { 0x0FA2C, 2753, 1 },
    { 0x0FA2D, 2754, 1 },
    { 0x0FA2E, 2755, 1 },
    { 0x0FA2F, 2756, 1 },
    { 0x0FA30, 2757, 1 },
    { 0x0FA31, 2758, 1 },
    { 0x0FA32, 2759, 1 },
    { 0x0FA33, 2760, 1 },
    { 0x0FA34, 2761, 1 },
    { 0x0FA35, 2762, 1 },
    { 0x0FA36, 2763, 1 },
    { 0x0FA37, 2764, 1 },
    { 0x0FA38, 2765, 1 },
    { 0x0FA39, 2766, 1 },
    { 0x0FA3A, 2767, 1 },
    { 0x0FA3B, 2768, 1 },
    { 0x0FA3C, 2769, 1 },
    { 0x0FA3D, 2770, 1 },
    { 0x0FA3E, 2771, 1 },
    { 0x0FA3F, 2772, 1 },
    { 0x0FA40, 2773, 1 },
    { 0x0FA41, 2774, 1 },
    { 0x0FA42, 2775, 1 },
    { 0x0FA43, 2776, 1 },
    { 0x0FA44, 2777, 1 },
    { 0x0FA45, 2778, 1 },
    { 0x0FA46, 2779, 1 },
    { 0x0FA47, 2780, 1 },
    { 0x0FA48, 2781, 1 },
    { 0x0FA49, 2782, 1 },
    { 0x0FA4A, 2783, 1 },
    { 0x0FA4B, 2784, 1 },
    { 0x0FA4C, 2785, 1 },
    { 0x0FA4D, 2786, 1 },
    { 0x0FA4E, 2787, 1 },
    { 0x0FA4F, 2788, 1 },
    { 0x0FA50, 2789, 1 },
    { 0x0FA51, 2790, 1 },
    { 0x0FA52, 2791, 1 },
    { 0x0FA53, 2792, 1 },
    { 0x0FA54, 2793, 1 },
    { 0x0FA55, 2794, 1 },
    { 0x0FA56, 2795, 1 },
    { 0x0FA57, 2796, 1 },
    { 0x0FA58, 2797, 1 },
    { 0x0FA59, 2798, 1 },
    { 0x0FA5A, 2799, 1 },
    { 0x0FA5B, 2800, 1 },
    { 0x0FA5C, 2801, 1 },
    { 0x0FA5D, 2802, 1 },
    { 0x0FA5E, 2803, 1 },
    { 0x0FA5F, 2804, 1 },
    { 0x0FA60, 2805, 1 },
    { 0x0FA61, 2806, 1 },
    { 0x0FA62, 2807, 1 },
    { 0x0FA63, 2808, 1 },
    { 0x0FA64, 2809, 1 },
    { 0x0FA65, 2810, 1 },
    { 0x0FA66, 2811, 1 },
    { 0x0FA67, 2812, 1 },
    { 0x0FA68, 2813, 1 },
    { 0x0FA69, 2814, 1 },
    { 0x0FA6A, 2815, 1 },
    { 0x0FA6B, 2816, 1 },
    { 0x0FA6C, 2817, 2 },
    { 0x0FA6D, 2819, 1 },
    { 0x0FA70, 2820, 1 },
    { 0x0FA71, 2821, 1 },
    { 0x0FA72, 2822, 1 },
    { 0x0FA73, 2823, 1 },
    { 0x0FA74, 2824, 1 },
    { 0x0FA75, 2825, 1 },
    { 0x0FA76, 2826, 1 },
    { 0x0FA77, 2827, 1 },
    { 0x0FA78, 2828, 1 },
    { 0x0FA79, 2829, 1 },
    { 0x0FA7A, 2830, 1 },
    { 0x0FA7B, 2831, 1 },
    { 0x0FA7C, 2832, 1 },
    { 0x0FA7D, 2833, 1 },
    { 0x0FA7E, 2834, 1 },
    { 0x0FA7F, 2835, 1 },
    { 0x0FA80, 2836, 1 },
    { 0x0FA81, 2837, 1 },
    { 0x0FA82, 2838, 1 },
    { 0x0FA83, 2839, 1 },
    { 0x0FA84, 2840, 1 },
    { 0x0FA85, 2841, 1 },
    { 0x0FA86, 2842, 1 },
    { 0x0FA87, 2843, 1 },
    { 0x0FA88, 2844, 1 },
    { 0x0FA89, 2845, 1 },
    { 0x0FA8A, 2846, 1 },
    { 0x0FA8B, 2847, 1 },
    { 0x0FA8C, 2848, 1 },
    { 0x0FA8D, 2849, 1 },
    { 0x0FA8E, 2850, 1 },
    { 0x0FA8F, 2851, 1 },
    { 0x0FA90, 2852, 1 },
    { 0x0FA91, 2853, 1 },
    { 0x0FA92, 2854, 1 },
    { 0x0FA93, 2855, 1 },
    { 0x0FA94, 2856, 1 },
    { 0x0FA95, 2857, 1 },
    { 0x0FA96, 2858, 1 },
    { 0x0FA97, 2859, 1 },
    { 0x0FA98, 2860, 1 },
    { 0x0FA99, 2861, 1 },
    { 0x0FA9A, 2862, 1 },
    { 0x0FA9B, 2863, 1 },
    { 0x0FA9C, 2864, 1 },
    { 0x0FA9D, 2865, 1 },
    { 0x0FA9E, 2866, 1 },
    { 0x0FA9F, 2867, 1 },
    { 0x0FAA0, 2868, 1 },
    { 0x0FAA1, 2869, 1 },
    { 0x0FAA2, 2870, 1 },
    { 0x0FAA3, 2871, 1 },
    { 0x0FAA4, 2872, 1 },
    { 0x0FAA5, 2873, 1 },
    { 0x0FAA6, 2874, 1 },
    { 0x0FAA7, 2875, 1 },
    { 0x0FAA8, 2876, 1 },
    { 0x0FAA9, 2877, 1 },
    { 0x0FAAA, 2878, 1 },
    { 0x0FAAB, 2879, 1 },
    { 0x0FAAC, 2880, 1 },
    { 0x0FAAD, 2881, 1 },
    { 0x0FAAE, 2882, 1 },
    { 0x0FAAF, 2883, 1 },
    { 0x0FAB0, 2884, 1 },
    { 0x0FAB1, 2885, 1 },
    { 0x0FAB2, 2886, 1 },
    { 0x0FAB3, 2887, 1 },
    { 0x0FAB4, 2888, 1 },
    { 0x0FAB5, 2889, 1 },
    { 0x0FAB6, 2890, 1 },
    { 0x0FAB7, 2891, 1 },
    { 0x0FAB8, 2892, 1 },
    { 0x0FAB9, 2893, 1 },
    { 0x0FABA, 2894, 1 },
    { 0x0FABB, 2895, 1 },
    { 0x0FABC, 2896, 1 },
    { 0x0FABD, 2897, 1 },
    { 0x0FABE, 2898, 1 },
    { 0x0FABF, 2899, 1 },
    { 0x0FAC0, 2900, 1 },
    { 0x0FAC1, 2901, 1 },
    { 0x0FAC2, 2902, 1 },
    { 0x0FAC3, 2903, 1 },
    { 0x0FAC4, 2904, 1 },
    { 0x0FAC5, 2905, 1 },
    { 0x0FAC6, 2906, 1 },
    { 0x0FAC7, 2907, 1 },
    { 0x0FAC8, 2908, 1 },
    { 0x0FAC9, 2909, 1 },
    { 0x0FACA, 2910, 1 },
    { 0x0FACB, 2911, 1 },
    { 0x0FACC, 2912, 1 },
    { 0x0FACD, 2913, 1 },
    { 0x0FACE, 2914, 1 },
    { 0x0FACF, 2915, 2 },
    { 0x0FAD0, 2917, 2 },
    { 0x0FAD1, 2919, 2 },
    { 0x0FAD2, 2921, 1 },
    { 0x0FAD3, 2922, 1 },
    { 0x0FAD4, 2923, 1 },
    { 0x0FAD5, 2924, 2 },
    { 0x0FAD6, 2926, 2 },
    { 0x0FAD7, 2928, 2 },
    { 0x0FAD8, 2930, 1 },
    { 0x0FAD9, 2931, 1 },
    { 0x0FB00, 2932, 2 },
    { 0x0FB01, 2934, 2 },
    { 0x0FB02, 2936, 2 },
    { 0x0FB03, 2938, 3 },
    { 0x0FB04, 2941, 3 },
    { 0x0FB05, 2944, 2 },
    { 0x0FB06, 2946, 2 },
    { 0x0FB13, 2948, 2 },
    { 0x0FB14, 2950, 2 },
    { 0x0FB15, 2952, 2 },
    { 0x0FB16, 2954, 2 },
    { 0x0FB17, 2956, 2 },
    { 0x0FB1D, 2958, 2 },
    { 0x0FB1F, 2960, 2 },
    { 0x0FB20, 2962, 1 },
    { 0x0FB21, 2963, 1 },
    { 0x0FB22, 2964, 1 },
    { 0x0FB23, 2965, 1 },
    { 0x0FB24, 2966, 1 },
    { 0x0FB25, 2967, 1 },
    { 0x0FB26, 2968, 1 },
    { 0x0FB27, 2969, 1 },
    { 0x0FB28, 2970, 1 },
    { 0x0FB29, 2971, 1 },
    { 0x0FB2A, 2972, 2 },
    { 0x0FB2B, 2974, 2 },
    { 0x0FB2C, 2976, 3 },
    { 0x0FB2D, 2979, 3 },
    { 0x0FB2E, 2982, 2 },
    { 0x0FB2F, 2984, 2 },
    { 0x0FB30, 2986, 2 },
    { 0x0FB31, 2988, 2 },
    { 0x0FB32, 2990, 2 },
    { 0x0FB33, 2992, 2 },
    { 0x0FB34, 2994, 2 },
    { 0x0FB35, 2996, 2 },
    { 0x0FB36, 2998, 2 },
    { 0x0FB38, 3000, 2 },
    { 0x0FB39, 3002, 2 },
    { 0x0FB3A, 3004, 2 },
    { 0x0FB3B, 3006, 2 },
    { 0x0FB3C, 3008, 2 },
    { 0x0FB3E, 3010, 2 },
    { 0x0FB40, 3012, 2 },
    { 0x0FB41, 3014, 2 },
    { 0x0FB43, 3016, 2 },
    { 0x0FB44, 3018, 2 },
    { 0x0FB46, 3020, 2 },
    { 0x0FB47, 3022, 2 },
    { 0x0FB48, 3024, 2 },
    { 0x0FB49, 3026, 2 },
    { 0x0FB4A, 3028, 2 },
    { 0x0FB4B, 3030, 2 },
    { 0x0FB4C, 3032, 2 },
    { 0x0FB4D, 3034, 2 },
    { 0x0FB4E, 3036, 2 },
    { 0x0FB4F, 3038, 2 },
    { 0x0FB50, 3040, 1 },
    { 0x0FB51, 3041, 1 },
    { 0x0FB52, 3042, 1 },
    { 0x0FB53, 3043, 1 },
    { 0x0FB54, 3044, 1 },
    { 0x0FB55, 3045, 1 },
    { 0x0FB56, 3046, 1 },
    { 0x0FB57, 3047, 1 },
    { 0x0FB58, 3048, 1 },
    { 0x0FB59, 3049, 1 },
    { 0x0FB5A, 3050, 1 },
    { 0x0FB5B, 3051, 1 },
    { 0x0FB5C, 3052, 1 },
    { 0x0FB5D, 3053, 1 },
    { 0x0FB5E, 3054, 1 },
    { 0x0FB5F, 3055, 1 },
    { 0x0FB60, 3056, 1 },
    { 0x0FB61, 3057, 1 },
    { 0x0FB62, 3058, 1 },
    { 0x0FB63, 3059, 1 },
    { 0x0FB64, 3060, 1 },
    { 0x0FB65, 3061, 1 },
    { 0x0FB66, 3062, 1 },
    { 0x0FB67, 3063, 1 },
    { 0x0FB68, 3064, 1 },
    { 0x0FB69, 3065, 1 },
    { 0x0FB6A, 3066, 1 },
    { 0x0FB6B, 3067, 1 },
    { 0x0FB6C, 3068, 1 },
    { 0x0FB6D, 3069, 1 },
    { 0x0FB6E, 3070, 1 },
    { 0x0FB6F, 3071, 1 },
    { 0x0FB70, 3072, 1 },
    { 0x0FB71, 3073, 1 },
    { 0x0FB72, 3074, 1 },
    { 0x0FB73, 3075, 1 },
    { 0x0FB74, 3076, 1 },
    { 0x0FB75, 3077, 1 },
    { 0x0FB76, 3078, 1 },
    { 0x0FB77, 3079, 1 },
    { 0x0FB78, 3080, 1 },
    { 0x0FB79, 3081, 1 },
    { 0x0FB7A, 3082, 1 },
    { 0x0FB7B, 3083, 1 },
    { 0x0FB7C, 3084, 1 },
    { 0x0FB7D, 3085, 1 },
    { 0x0FB7E, 3086, 1 },
    { 0x0FB7F, 3087, 1 },
    { 0x0FB80, 3088, 1 },
    { 0x0FB81, 3089, 1 },
    { 0x0FB82, 3090, 1 },
    { 0x0FB83, 3091, 1 },
    { 0x0FB84, 3092, 1 },
    { 0x0FB85, 3093, 1 },
    { 0x0FB86, 3094, 1 },
    { 0x0FB87, 3095, 1 },
    { 0x0FB88, 3096, 1 },
    { 0x0FB89, 3097, 1 },
    { 0x0FB8A, 3098, 1 },
    { 0x0FB8B, 3099, 1 },
    { 0x0FB8C, 3100, 1 },
    { 0x0FB8D, 3101, 1 },
    { 0x0FB8E, 3102, 1 },
    { 0x0FB8F, 3103, 1 },
    { 0x0FB90, 3104, 1 },
    { 0x0FB91, 3105, 1 },
    { 0x0FB92, 3106, 1 },
    { 0x0FB93, 3107, 1 },
    { 0x0FB94, 3108, 1 },
    { 0x0FB95, 3109, 1 },
    { 0x0FB96, 3110, 1 },
    { 0x0FB97, 3111, 1 },
    { 0x0FB98, 3112, 1 },
    { 0x0FB99, 3113, 1 },
    { 0x0FB9A, 3114, 1 },
    { 0x0FB9B, 3115, 1 },
    { 0x0FB9C, 3116, 1 },
    { 0x0FB9D, 3117, 1 },
    { 0x0FB9E, 3118, 1 },
    { 0x0FB9F, 3119, 1 },
    { 0x0FBA0, 3120, 1 },
    { 0x0FBA1, 3121, 1 },
    { 0x0FBA2, 3122, 1 },
    { 0x0FBA3, 3123, 1 },
    { 0x0FBA4, 3124, 1 },
    { 0x0FBA5, 3125, 1 },
    { 0x0FBA6, 3126, 1 },
    { 0x0FBA7, 3127, 1 },
    { 0x0FBA8, 3128, 1 },
    { 0x0FBA9, 3129, 1 },
    { 0x0FBAA, 3130, 1 },
    { 0x0FBAB, 3131, 1 },
    { 0x0FBAC, 3132, 1 },
    { 0x0FBAD, 3133, 1 },
    { 0x0FBAE, 3134, 1 },
    { 0x0FBAF, 3135, 1 },
    { 0x0FBB0, 3136, 1 },
    { 0x0FBB1, 3137, 1 },
    { 0x0FBD3, 3138, 1 },
    { 0x0FBD4, 3139, 1 },
    { 0x0FBD5, 3140, 1 },
    { 0x0FBD6, 3141, 1 },
    { 0x0FBD7, 3142, 1 },
    { 0x0FBD8, 3143, 1 },
    { 0x0FBD9, 3144, 1 },
    { 0x0FBDA, 3145, 1 },
    { 0x0FBDB, 3146, 1 },
    { 0x0FBDC, 3147, 1 },
    { 0x0FBDD, 3148, 2 },
    { 0x0FBDE, 3150, 1 },
    { 0x0FBDF, 3151, 1 },
    { 0x0FBE0, 3152, 1 },
    { 0x0FBE1, 3153, 1 },
    { 0x0FBE2, 3154, 1 },
    { 0x0FBE3, 3155, 1 },
    { 0x0FBE4, 3156, 1 },
    { 0x0FBE5, 3157, 1 },
    { 0x0FBE6, 3158, 1 },
    { 0x0FBE7, 3159, 1 },
    { 0x0FBE8, 3160, 1 },
    { 0x0FBE9, 3161, 1 },
    { 0x0FBEA, 3162, 2 },
    { 0x0FBEB, 3164, 2 },
    { 0x0FBEC, 3166, 2 },
    { 0x0FBED, 3168, 2 },
    { 0x0FBEE, 3170, 2 },
    { 0x0FBEF, 3172, 2 },
    { 0x0FBF0, 3174, 2 },
    { 0x0FBF1, 3176, 2 },
    { 0x0FBF2, 3178, 2 },
    { 0x0FBF3, 3180, 2 },
    { 0x0FBF4, 3182, 2 },
    { 0x0FBF5, 3184, 2 },
    { 0x0FBF6, 3186, 2 },
    { 0x0FBF7, 3188, 2 },
    { 0x0FBF8, 3190, 2 },
    { 0x0FBF9, 3192, 2 },
    { 0x0FBFA, 3194, 2 },
    { 0x0FBFB, 3196, 2 },
    { 0x0FBFC, 3198, 1 },
    { 0x0FBFD, 3199, 1 },
    { 0x0FBFE, 3200, 1 },
    { 0x0FBFF, 3201, 1 },
    { 0x0FC00, 3202, 2 },
    { 0x0FC01, 3204, 2 },
    { 0x0FC02, 3206, 2 },
    { 0x0FC03, 3208, 2 },
    { 0x0FC04, 3210, 2 },
    { 0x0FC05, 3212, 2 },
    { 0x0FC06, 3214, 2 },
    { 0x0FC07, 3216, 2 },
    { 0x0FC08, 3218, 2 },
    { 0x0FC09, 3220, 2 },
    { 0x0FC0A, 3222, 2 },
    { 0x0FC0B, 3224, 2 },
    { 0x0FC0C, 3226, 2 },
    { 0x0FC0D, 3228, 2 },
    { 0x0FC0E, 3230, 2 },
    { 0x0FC0F, 3232, 2 },
    { 0x0FC10, 3234, 2 },
    { 0x0FC11, 3236, 2 },
    { 0x0FC12, 3238, 2 },
    { 0x0FC13, 3240, 2 },
    { 0x0FC14, 3242, 2 },
    { 0x0FC15, 3244, 2 },
    { 0x0FC16, 3246, 2 },
    { 0x0FC17, 3248, 2 },
    { 0x0FC18, 3250, 2 },
    { 0x0FC19, 3252, 2 },
    { 0x0FC1A, 3254, 2 },
    { 0x0FC1B, 3256, 2 },
    { 0x0FC1C, 3258, 2 },
    { 0x0FC1D, 3260, 2 },
    { 0x0FC1E, 3262, 2 },
    { 0x0FC1F, 3264, 2 },
    { 0x0FC20, 3266, 2 },
    { 0x0FC21, 3268, 2 },
    { 0x0FC22, 3270, 2 },
    { 0x0FC23, 3272, 2 },
    { 0x0FC24, 3274, 2 },
    { 0x0FC25, 3276, 2 },
    { 0x0FC26, 3278, 2 },
    { 0x0FC27, 3280, 2 },
    { 0x0FC28, 3282, 2 },
    { 0x0FC29, 3284, 2 },
    { 0x0FC2A, 3286, 2 },
    { 0x0FC2B, 3288, 2 },
    { 0x0FC2C, 3290, 2 },
    { 0x0FC2D, 3292, 2 },
    { 0x0FC2E, 3294, 2 },
    { 0x0FC2F, 3296, 2 },
    { 0x0FC30, 3298, 2 },
    { 0x0FC31, 3300, 2 },
    { 0x0FC32, 3302, 2 },
    { 0x0FC33, 3304, 2 },
    { 0x0FC34, 3306, 2 },
    { 0x0FC35, 3308, 2 },
    { 0x0FC36, 3310, 2 },
    { 0x0FC37, 3312, 2 },
    { 0x0FC38, 3314, 2 },
    { 0x0FC39, 3316, 2 },
    { 0x0FC3A, 3318, 2 },
    { 0x0FC3B, 3320, 2 },
    { 0x0FC3C, 3322, 2 },
    { 0x0FC3D, 3324, 2 },
    { 0x0FC3E, 3326, 2 },
    { 0x0FC3F, 3328, 2 },
    { 0x0FC40, 3330, 2 },
    { 0x0FC41, 3332, 2 },
    { 0x0FC42, 3334, 2 },
    { 0x0FC43, 3336, 2 },
    { 0x0FC44, 3338, 2 },
    { 0x0FC45, 3340, 2 },
    { 0x0FC46, 3342, 2 },
    { 0x0FC47, 3344, 2 },
    { 0x0FC48, 3346, 2 },
    { 0x0FC49, 3348, 2 },
    { 0x0FC4A, 3350, 2 },
    { 0x0FC4B, 3352, 2 },
    { 0x0FC4C, 3354, 2 },
    { 0x0FC4D, 3356, 2 },
    { 0x0FC4E, 3358, 2 },
    { 0x0FC4F, 3360, 2 },
    { 0x0FC50, 3362, 2 },
    { 0x0FC51, 3364, 2 },
    { 0x0FC52, 3366, 2 },
    { 0x0FC53, 3368, 2 },
    { 0x0FC54, 3370, 2 },
    { 0x0FC55, 3372, 2 },
    { 0x0FC56, 3374, 2 },
    { 0x0FC57, 3376, 2 },
    { 0x0FC58, 3378, 2 },
    { 0x0FC59, 3380, 2 },
    { 0x0FC5A, 3382, 2 },
    { 0x0FC5B, 3384, 2 },
    { 0x0FC5C, 3386, 2 },
    { 0x0FC5D, 3388, 2 },
    { 0x0FC5E, 3390, 3 },
    { 0x0FC5F, 3393, 3 },
    { 0x0FC60, 3396, 3 },
    { 0x0FC61, 3399, 3 },
    { 0x0FC62, 3402, 3 },
    { 0x0FC63, 3405, 3 },
    { 0x0FC64, 3408, 2 },
    { 0x0FC65, 3410, 2 },
    { 0x0FC66, 3412, 2 },
    { 0x0FC67, 3414, 2 },
    { 0x0FC68, 3416, 2 },
    { 0x0FC69, 3418, 2 },
    { 0x0FC6A, 3420, 2 },
    { 0x0FC6B, 3422, 2 },
    { 0x0FC6C, 3424, 2 },
    { 0x0FC6D, 3426, 2 },
    { 0x0FC6E, 3428, 2 },
    { 0x0FC6F, 3430, 2 },
    { 0x0FC70, 3432, 2 },
    { 0x0FC71, 3434, 2 },
    { 0x0FC72, 3436, 2 },
    { 0x0FC73, 3438, 2 },
    { 0x0FC74, 3440, 2 },
    { 0x0FC75, 3442, 2 },
    { 0x0FC76, 3444, 2 },
    { 0x0FC77, 3446, 2 },
    { 0x0FC78, 3448, 2 },
    { 0x0FC79, 3450, 2 },
    { 0x0FC7A, 3452, 2 },
    { 0x0FC7B, 3454, 2 },
    { 0x0FC7C, 3456, 2 },
    { 0x0FC7D, 3458, 2 },
    { 0x0FC7E, 3460, 2 },
    { 0x0FC7F, 3462, 2 },
    { 0x0FC80, 3464, 2 },
    { 0x0FC81, 3466, 2 },
    { 0x0FC82, 3468, 2 },
    { 0x0FC83, 3470, 2 },
    { 0x0FC84, 3472, 2 },
    { 0x0FC85, 3474, 2 },
    { 0x0FC86, 3476, 2 },
    { 0x0FC87, 3478, 2 },
    { 0x0FC88, 3480, 2 },
    { 0x0FC89, 3482, 2 },
    { 0x0FC8A, 3484, 2 },
    { 0x0FC8B, 3486, 2 },
    { 0x0FC8C, 3488, 2 },
    { 0x0FC8D, 3490, 2 },
    { 0x0FC8E, 3492, 2 },
    { 0x0FC8F, 3494, 2 },
    { 0x0FC90, 3496, 2 },
    { 0x0FC91, 3498, 2 },
    { 0x0FC92, 3500, 2 },
    { 0x0FC93, 3502, 2 },
    { 0x0FC94, 3504, 2 },
    { 0x0FC95, 3506, 2 },
    { 0x0FC96, 3508, 2 },
    { 0x0FC97, 3510, 2 },
    { 0x0FC98, 3512, 2 },
    { 0x0FC99, 3514, 2 },
    { 0x0FC9A, 3516, 2 },
    { 0x0FC9B, 3518, 2 },
    { 0x0FC9C, 3520, 2 },
    { 0x0FC9D, 3522, 2 },
    { 0x0FC9E, 3524, 2 },
    { 0x0FC9F, 3526, 2 },
    { 0x0FCA0, 3528, 2 },
    { 0x0FCA1, 3530, 2 },
    { 0x0FCA2, 3532, 2 },
    { 0x0FCA3, 3534, 2 },
    { 0x0FCA4, 3536, 2 },
    { 0x0FCA5, 3538, 2 },
    { 0x0FCA6, 3540, 2 },
    { 0x0FCA7, 3542, 2 },
    { 0x0FCA8, 3544, 2 },
    { 0x0FCA9, 3546, 2 },
    { 0x0FCAA, 3548, 2 },
    { 0x0FCAB, 3550, 2 },
    { 0x0FCAC, 3552, 2 },
    { 0x0FCAD, 3554, 2 },
    { 0x0FCAE, 3556, 2 },
    { 0x0FCAF, 3558, 2 },
    { 0x0FCB0, 3560, 2 },
    { 0x0FCB1, 3562, 2 },
    { 0x0FCB2, 3564, 2 },
    { 0x0FCB3, 3566, 2 },
    { 0x0FCB4, 3568, 2 },
    { 0x0FCB5, 3570, 2 },
    { 0x0FCB6, 3572, 2 },
    { 0x0FCB7, 3574, 2 },
    { 0x0FCB8, 3576, 2 },
    { 0x0FCB9, 3578, 2 },
    { 0x0FCBA, 3580, 2 },
    { 0x0FCBB, 3582, 2 },
    { 0x0FCBC, 3584, 2 },
    { 0x0FCBD, 3586, 2 },
    { 0x0FCBE, 3588, 2 },
    { 0x0FCBF, 3590, 2 },
    { 0x0FCC0, 3592, 2 },
    { 0x0FCC1, 3594, 2 },
    { 0x0FCC2, 3596, 2 },
    { 0x0FCC3, 3598, 2 },
    { 0x0FCC4, 3600, 2 },
    { 0x0FCC5, 3602, 2 },
    { 0x0FCC6, 3604, 2 },
    { 0x0FCC7, 3606, 2 },
    { 0x0FCC8, 3608, 2 },
    { 0x0FCC9, 3610, 2 },
    { 0x0FCCA, 3612, 2 },
    { 0x0FCCB, 3614, 2 },
    { 0x0FCCC, 3616, 2 },
    { 0x0FCCD, 3618, 2 },
    { 0x0FCCE, 3620, 2 },
    { 0x0FCCF, 3622, 2 },
    { 0x0FCD0, 3624, 2 },
    { 0x0FCD1, 3626, 2 },
    { 0x0FCD2, 3628, 2 },
    { 0x0FCD3, 3630, 2 },
    { 0x0FCD4, 3632, 2 },
    { 0x0FCD5, 3634, 2 },
    { 0x0FCD6, 3636, 2 },
    { 0x0FCD7, 3638, 2 },
    { 0x0FCD8, 3640, 2 },
    { 0x0FCD9, 3642, 2 },
    { 0x0FCDA, 3644, 2 },
    { 0x0FCDB, 3646, 2 },
    { 0x0FCDC, 3648, 2 },
    { 0x0FCDD, 3650, 2 },
    { 0x0FCDE, 3652, 2 },
    { 0x0FCDF, 3654, 2 },
    { 0x0FCE0, 3656, 2 },
    { 0x0FCE1, 3658, 2 },
    { 0x0FCE2, 3660, 2 },
    { 0x0FCE3, 3662, 2 },
    { 0x0FCE4, 3664, 2 },
    { 0x0FCE5, 3666, 2 },
    { 0x0FCE6, 3668, 2 },
    { 0x0FCE7, 3670, 2 },
    { 0x0FCE8, 3672, 2 },
    { 0x0FCE9, 3674, 2 },
    { 0x0FCEA, 3676, 2 },
    { 0x0FCEB, 3678, 2 },
    { 0x0FCEC, 3680, 2 },
    { 0x0FCED, 3682, 2 },
    { 0x0FCEE, 3684, 2 },
    { 0x0FCEF, 3686, 2 },
    { 0x0FCF0, 3688, 2 },
    { 0x0FCF1, 3690, 2 },
    { 0x0FCF2, 3692, 3 },
    { 0x0FCF3, 3695, 3 },
    { 0x0FCF4, 3698, 3 },
    { 0x0FCF5, 3701, 2 },
    { 0x0FCF6, 3703, 2 },
    { 0x0FCF7, 3705, 2 },
    { 0x0FCF8, 3707, 2 },
    { 0x0FCF9, 3709, 2 },
    { 0x0FCFA, 3711, 2 },
    { 0x0FCFB, 3713, 2 },
    { 0x0FCFC, 3715, 2 },
    { 0x0FCFD, 3717, 2 },
    { 0x0FCFE, 3719, 2 },
    { 0x0FCFF, 3721, 2 },
    { 0x0FD00, 3723, 2 },
    { 0x0FD01, 3725, 2 },
    { 0x0FD02, 3727, 2 },
    { 0x0FD03, 3729, 2 },
    { 0x0FD04, 3731, 2 },
    { 0x0FD05, 3733, 2 },
    { 0x0FD06, 3735, 2 },
    { 0x0FD07, 3737, 2 },
    { 0x0FD08, 3739, 2 },
    { 0x0FD09, 3741, 2 },
    { 0x0FD0A, 3743, 2 },
    { 0x0FD0B, 3745, 2 },
    { 0x0FD0C, 3747, 2 },
    { 0x0FD0D, 3749, 2 },
    { 0x0FD0E, 3751, 2 },
    { 0x0FD0F, 3753, 2 },
    { 0x0FD10, 3755, 2 },
    { 0x0FD11, 3757, 2 },
    { 0x0FD12, 3759, 2 },
    { 0x0FD13, 3761, 2 },
    { 0x0FD14, 3763, 2 },
    { 0x0FD15, 3765, 2 },
    { 0x0FD16, 3767, 2 },
    { 0x0FD17, 3769, 2 },
    { 0x0FD18, 3771, 2 },
    { 0x0FD19, 3773, 2 },
    { 0x0FD1A, 3775, 2 },
    { 0x0FD1B, 3777, 2 },
    { 0x0FD1C, 3779, 2 },
    { 0x0FD1D, 3781, 2 },
    { 0x0FD1E, 3783, 2 },
    { 0x0FD1F, 3785, 2 },
    { 0x0FD20, 3787, 2 },
    { 0x0FD21, 3789, 2 },
    { 0x0FD22, 3791, 2 },
    { 0x0FD23, 3793, 2 },
    { 0x0FD24, 3795, 2 },
    { 0x0FD25, 3797, 2 },
    { 0x0FD26, 3799, 2 },
    { 0x0FD27, 3801, 2 },
    { 0x0FD28, 3803, 2 },
    { 0x0FD29, 3805, 2 },
    { 0x0FD2A, 3807, 2 },
    { 0x0FD2B, 3809, 2 },
    { 0x0FD2C, 3811, 2 },
    { 0x0FD2D, 3813, 2 },
    { 0x0FD2E, 3815, 2 },
    { 0x0FD2F, 3817, 2 },
    { 0x0FD30, 3819, 2 },
    { 0x0FD31, 3821, 2 },
    { 0x0FD32, 3823, 2 },
    { 0x0FD33, 3825, 2 },
    { 0x0FD34, 3827, 2 },
    { 0x0FD35, 3829, 2 },
    { 0x0FD36, 3831, 2 },
    { 0x0FD37, 3833, 2 },
    { 0x0FD38, 3835, 2 },
    { 0x0FD39, 3837, 2 },
    { 0x0FD3A, 3839, 2 },
    { 0x0FD3B, 3841, 2 },
    { 0x0FD3C, 3843, 2 },
    { 0x0FD3D, 3845, 2 },
    { 0x0FD50, 3847, 3 },
    { 0x0FD51, 3850, 3 },
    { 0x0FD52, 3853, 3 },
    { 0x0FD53, 3856, 3 },
    { 0x0FD54, 3859, 3 },
    { 0x0FD55, 3862, 3 },
    { 0x0FD56, 3865, 3 },
    { 0x0FD57, 3868, 3 },
    { 0x0FD58, 3871, 3 },
    { 0x0FD59, 3874, 3 },
    { 0x0FD5A, 3877, 3 },
    { 0x0FD5B, 3880, 3 },
    { 0x0FD5C, 3883, 3 },
    { 0x0FD5D, 3886, 3 },
    { 0x0FD5E, 3889, 3 },
    { 0x0FD5F, 3892, 3 },
    { 0x0FD60, 3895, 3 },
    { 0x0FD61, 3898, 3 },
    { 0x0FD62, 3901, 3 },
    { 0x0FD63, 3904, 3 },
    { 0x0FD64, 3907, 3 },
    { 0x0FD65, 3910, 3 },
    { 0x0FD66, 3913, 3 },
    { 0x0FD67, 3916, 3 },
    { 0x0FD68, 3919, 3 },
    { 0x0FD69, 3922, 3 },
    { 0x0FD6A, 3925, 3 },
    { 0x0FD6B, 3928, 3 },
    { 0x0FD6C, 3931, 3 },
    { 0x0FD6D, 3934, 3 },
    { 0x0FD6E, 3937, 3 },
    { 0x0FD6F, 3940, 3 },
    { 0x0FD70, 3943, 3 },
    { 0x0FD71, 3946, 3 },
    { 0x0FD72, 3949, 3 },
    { 0x0FD73, 3952, 3 },
    { 0x0FD74, 3955, 3 },
    { 0x0FD75, 3958, 3 },
    { 0x0FD76, 3961, 3 },
    { 0x0FD77, 3964, 3 },
    { 0x0FD78, 3967, 3 },
    { 0x0FD79, 3970, 3 },
    { 0x0FD7A, 3973, 3 },
    { 0x0FD7B, 3976, 3 },
    { 0x0FD7C, 3979, 3 },
    { 0x0FD7D, 3982, 3 },
    { 0x0FD7E, 3985, 3 },
    { 0x0FD7F, 3988, 3 },
    { 0x0FD80, 3991, 3 },
    { 0x0FD81, 3994, 3 },
    { 0x0FD82, 3997, 3 },
    { 0x0FD83, 4000, 3 },
    { 0x0FD84, 4003, 3 },
    { 0x0FD85, 4006, 3 },
    { 0x0FD86, 4009, 3 },
    { 0x0FD87, 4012, 3 },
    { 0x0FD88, 4015, 3 },
    { 0x0FD89, 4018, 3 },
    { 0x0FD8A, 4021, 3 },
    { 0x0FD8B, 4024, 3 },
    { 0x0FD8C, 4027, 3 },
    { 0x0FD8D, 4030, 3 },
    { 0x0FD8E, 4033, 3 },
    { 0x0FD8F, 4036, 3 },
    { 0x0FD92, 4039, 3 },
    { 0x0FD93, 4042, 3 },
    { 0x0FD94, 4045, 3 },
    { 0x0FD95, 4048, 3 },
    { 0x0FD96, 4051, 3 },
    { 0x0FD97, 4054, 3 },
    { 0x0FD98, 4057, 3 },
    { 0x0FD99, 4060, 3 },
    { 0x0FD9A, 4063, 3 },
    { 0x0FD9B, 4066, 3 },
    { 0x0FD9C, 4069, 3 },
    { 0x0FD9D, 4072, 3 },
    { 0x0FD9E, 4075, 3 },
    { 0x0FD9F, 4078, 3 },
    { 0x0FDA0, 4081, 3 },
    { 0x0FDA1, 4084, 3 },
    { 0x0FDA2, 4087, 3 },
    { 0x0FDA3, 4090, 3 },
    { 0x0FDA4, 4093, 3 },
    { 0x0FDA5, 4096, 3 },
    { 0x0FDA6, 4099, 3 },
    { 0x0FDA7, 4102, 3 },
    { 0x0FDA8, 4105, 3 },
    { 0x0FDA9, 4108, 3 },
    { 0x0FDAA, 4111, 3 },
    { 0x0FDAB, 4114, 3 },
    { 0x0FDAC, 4117, 3 },
    { 0x0FDAD, 4120, 3 },
    { 0x0FDAE, 4123, 3 },
    { 0x0FDAF, 4126, 3 },
    { 0x0FDB0, 4129, 3 },
    { 0x0FDB1, 4132, 3 },
    { 0x0FDB2, 4135, 3 },
    { 0x0FDB3, 4138, 3 },
    { 0x0FDB4, 4141, 3 },
    { 0x0FDB5, 4144, 3 },
    { 0x0FDB6, 4147, 3 },
    { 0x0FDB7, 4150, 3 },
    { 0x0FDB8, 4153, 3 },
    { 0x0FDB9, 4156, 3 },
    { 0x0FDBA, 4159, 3 },
    { 0x0FDBB, 4162, 3 },
    { 0x0FDBC, 4165, 3 },
    { 0x0FDBD, 4168, 3 },
    { 0x0FDBE, 4171, 3 },
    { 0x0FDBF, 4174, 3 },
    { 0x0FDC0, 4177, 3 },
    { 0x0FDC1, 4180, 3 },
    { 0x0FDC2, 4183, 3 },
    { 0x0FDC3, 4186, 3 },
    { 0x0FDC4, 4189, 3 },
    { 0x0FDC5, 4192, 3 },
    { 0x0FDC6, 4195, 3 },
    { 0x0FDC7, 4198, 3 },
    { 0x0FDF0, 4201, 3 },
    { 0x0FDF1, 4204, 3 },
    { 0x0FDF2, 4207, 4 },
    { 0x0FDF3, 4211, 4 },
    { 0x0FDF4, 4215, 4 },
    { 0x0FDF5, 4219, 4 },
    { 0x0FDF6, 4223, 4 },
    { 0x0FDF7, 4227, 4 },
    { 0x0FDF8, 4231, 4 },
    { 0x0FDF9, 4235, 3 },
    { 0x0FDFA, 4238, 18 },
    { 0x0FDFB, 4256, 8 },
    { 0x0FDFC, 4264, 4 },
    { 0x0FE10, 4268, 1 },
    { 0x0FE11, 4269, 1 },
    { 0x0FE12, 4270, 1 },
    { 0x0FE13, 4271, 1 },
    { 0x0FE14, 4272, 1 },
    { 0x0FE15, 4273, 1 },
    { 0x0FE16, 4274, 1 },
    { 0x0FE17, 4275, 1 },
    { 0x0FE18, 4276, 1 },
    { 0x0FE19, 4277, 3 },
    { 0x0FE30, 4280, 2 },
    { 0x0FE31, 4282, 1 },
    { 0x0FE32, 4283, 1 },
    { 0x0FE33, 4284, 1 },
    { 0x0FE34, 4285, 1 },
    { 0x0FE35, 4286, 1 },
    { 0x0FE36, 4287, 1 },
    { 0x0FE37, 4288, 1 },
    { 0x0FE38, 4289, 1 },
    { 0x0FE39, 4290, 1 },
    { 0x0FE3A, 4291, 1 },
    { 0x0FE3B, 4292, 1 },
    { 0x0FE3C, 4293, 1 },
    { 0x0FE3D, 4294, 1 },
    { 0x0FE3E, 4295, 1 },
    { 0x0FE3F, 4296, 1 },
    { 0x0FE40, 4297, 1 },
    { 0x0FE41, 4298, 1 },
    { 0x0FE42, 4299, 1 },
    { 0x0FE43, 4300, 1 },
    { 0x0FE44, 4301, 1 },
    { 0x0FE47, 4302, 1 },
    { 0x0FE48, 4303, 1 },
    { 0x0FE49, 4304, 2 },
    { 0x0FE4A, 4306, 2 },
    { 0x0FE4B, 4308, 2 },
    { 0x0FE4C, 4310, 2 },
    { 0x0FE4D, 4312, 1 },
    { 0x0FE4E, 4313, 1 },
    { 0x0FE4F, 4314, 1 },
    { 0x0FE50, 4315, 1 },
    { 0x0FE51, 4316, 1 },
    { 0x0FE52, 4317, 1 },
    { 0x0FE54, 4318, 1 },
    { 0x0FE55, 4319, 1 },
    { 0x0FE56, 4320, 1 },
    { 0x0FE57, 4321, 1 },
    { 0x0FE58, 4322, 1 },
    { 0x0FE59, 4323, 1 },
    { 0x0FE5A, 4324, 1 },
    { 0x0FE5B, 4325, 1 },
    { 0x0FE5C, 4326, 1 },
    { 0x0FE5D, 4327, 1 },
    { 0x0FE5E, 4328, 1 },
    { 0x0FE5F, 4329, 1 },
    { 0x0FE60, 4330, 1 },
    { 0x0FE61, 4331, 1 },
    { 0x0FE62, 4332, 1 },
    { 0x0FE63, 4333, 1 },
    { 0x0FE64, 4334, 1 },
    { 0x0FE65, 4335, 1 },
    { 0x0FE66, 4336, 1 },
    { 0x0FE68, 4337, 1 },
    { 0x0FE69, 4338, 1 },
    { 0x0FE6A, 4339, 1 },
    { 0x0FE6B, 4340, 1 },
    { 0x0FE70, 4341, 2 },
    { 0x0FE71, 4343, 2 },
    { 0x0FE72, 4345, 2 },
    { 0x0FE74, 4347, 2 },
    { 0x0FE76, 4349, 2 },
    { 0x0FE77, 4351, 2 },
    { 0x0FE78, 4353, 2 },
    { 0x0FE79, 4355, 2 },
    { 0x0FE7A, 4357, 2 },
    { 0x0FE7B, 4359, 2 },
    { 0x0FE7C, 4361, 2 },
    { 0x0FE7D, 4363, 2 },
    { 0x0FE7E, 4365, 2 },
    { 0x0FE7F, 4367, 2 },
    { 0x0FE80, 4369, 1 },
    { 0x0FE81, 4370, 1 },
    { 0x0FE82, 4371, 1 },
    { 0x0FE83, 4372, 1 },
    { 0x0FE84, 4373, 1 },
    { 0x0FE85, 4374, 1 },
    { 0x0FE86, 4375, 1 },
    { 0x0FE87, 4376, 1 },
    { 0x0FE88, 4377, 1 },
    { 0x0FE89, 4378, 1 },
    { 0x0FE8A, 4379, 1 },
    { 0x0FE8B, 4380, 1 },
    { 0x0FE8C, 4381, 1 },
    { 0x0FE8D, 4382, 1 },
    { 0x0FE8E, 4383, 1 },
    { 0x0FE8F, 4384, 1 },
    { 0x0FE90, 4385, 1 },
    { 0x0FE91, 4386, 1 },
    { 0x0FE92, 4387, 1 },
    { 0x0FE93, 4388, 1 },
    { 0x0FE94, 4389, 1 },
    { 0x0FE95, 4390, 1 },
    { 0x0FE96, 4391, 1 },
    { 0x0FE97, 4392, 1 },
    { 0x0FE98, 4393, 1 },
    { 0x0FE99, 4394, 1 },
    { 0x0FE9A, 4395, 1 },
    { 0x0FE9B, 4396, 1 },
    { 0x0FE9C, 4397, 1 },
    { 0x0FE9D, 4398, 1 },
    { 0x0FE9E, 4399, 1 },
    { 0x0FE9F, 4400, 1 },
    { 0x0FEA0, 4401, 1 },
    { 0x0FEA1, 4402, 1 },
    { 0x0FEA2, 4403, 1 },
    { 0x0FEA3, 4404, 1 },
    { 0x0FEA4, 4405, 1 },
    { 0x0FEA5, 4406, 1 },
    { 0x0FEA6, 4407, 1 },
    { 0x0FEA7, 4408, 1 },
    { 0x0FEA8, 4409, 1 },
    { 0x0FEA9, 4410, 1 },
    { 0x0FEAA, 4411, 1 },
    { 0x0FEAB, 4412, 1 },
    { 0x0FEAC, 4413, 1 },
    { 0x0FEAD, 4414, 1 },
    { 0x0FEAE, 4415, 1 },
    { 0x0FEAF, 4416, 1 },
    { 0x0FEB0, 4417, 1 },
    { 0x0FEB1, 4418, 1 },
    { 0x0FEB2, 4419, 1 },
    { 0x0FEB3, 4420, 1 },
    { 0x0FEB4, 4421, 1 },
    { 0x0FEB5, 4422, 1 },
    { 0x0FEB6, 4423, 1 },
    { 0x0FEB7, 4424, 1 },
    { 0x0FEB8, 4425, 1 },
    { 0x0FEB9, 4426, 1 },
    { 0x0FEBA, 4427, 1 },
    { 0x0FEBB, 4428, 1 },
    { 0x0FEBC, 4429, 1 },
    { 0x0FEBD, 4430, 1 },
    { 0x0FEBE, 4431, 1 },
    { 0x0FEBF, 4432, 1 },
    { 0x0FEC0, 4433, 1 },
    { 0x0FEC1, 4434, 1 },
    { 0x0FEC2, 4435, 1 },
    { 0x0FEC3, 4436, 1 },
    { 0x0FEC4, 4437, 1 },
    { 0x0FEC5, 4438, 1 },
    { 0x0FEC6, 4439, 1 },
    { 0x0FEC7, 4440, 1 },
    { 0x0FEC8, 4441, 1 },
    { 0x0FEC9, 4442, 1 },
    { 0x0FECA, 4443, 1 },
    { 0x0FECB, 4444, 1 },
    { 0x0FECC, 4445, 1 },
    { 0x0FECD, 4446, 1 },
    { 0x0FECE, 4447, 1 },
    { 0x0FECF, 4448, 1 },
    { 0x0FED0, 4449, 1 },
    { 0x0FED1, 4450, 1 },
    { 0x0FED2, 4451, 1 },
    { 0x0FED3, 4452, 1 },
    { 0x0FED4, 4453, 1 },
    { 0x0FED5, 4454, 1 },
    { 0x0FED6, 4455, 1 },
    { 0x0FED7, 4456, 1 },
    { 0x0FED8, 4457, 1 },
    { 0x0FED9, 4458, 1 },
    { 0x0FEDA, 4459, 1 },
    { 0x0FEDB, 4460, 1 },
    { 0x0FEDC, 4461, 1 },
    { 0x0FEDD, 4462, 1 },
    { 0x0FEDE, 4463, 1 },
    { 0x0FEDF, 4464, 1 },
    { 0x0FEE0, 4465, 1 },
    { 0x0FEE1, 4466, 1 },
    { 0x0FEE2, 4467, 1 },
    { 0x0FEE3, 4468, 1 },
    { 0x0FEE4, 4469, 1 },
    { 0x0FEE5, 4470, 1 },
    { 0x0FEE6, 4471, 1 },
    { 0x0FEE7, 4472, 1 },
    { 0x0FEE8, 4473, 1 },
    { 0x0FEE9, 4474, 1 },
    { 0x0FEEA, 4475, 1 },
    { 0x0FEEB, 4476, 1 },
    { 0x0FEEC, 4477, 1 },
    { 0x0FEED, 4478, 1 },
    { 0x0FEEE, 4479, 1 },
    { 0x0FEEF, 4480, 1 },
    { 0x0FEF0, 4481, 1 },
    { 0x0FEF1, 4482, 1 },
    { 0x0FEF2, 4483, 1 },
    { 0x0FEF3, 4484, 1 },
    { 0x0FEF4, 4485, 1 },
    { 0x0FEF5, 4486, 2 },
    { 0x0FEF6, 4488, 2 },
    { 0x0FEF7, 4490, 2 },
    { 0x0FEF8, 4492, 2 },
    { 0x0FEF9, 4494, 2 },
    { 0x0FEFA, 4496, 2 },
    { 0x0FEFB, 4498, 2 },
    { 0x0FEFC, 4500, 2 },
    { 0x0FF01, 4502, 1 },
    { 0x0FF02, 4503, 1 },
    { 0x0FF03, 4504, 1 },
    { 0x0FF04, 4505, 1 },
    { 0x0FF05, 4506, 1 },
    { 0x0FF06, 4507, 1 },
    { 0x0FF07, 4508, 1 },
    { 0x0FF08, 4509, 1 },
    { 0x0FF09, 4510, 1 },
    { 0x0FF0A, 4511, 1 },
    { 0x0FF0B, 4512, 1 },
    { 0x0FF0C, 4513, 1 },
    { 0x0FF0D, 4514, 1 },
    { 0x0FF0E, 4515, 1 },
    { 0x0FF0F, 4516, 1 },
    { 0x0FF10, 4517, 1 },
    { 0x0FF11, 4518, 1 },
    { 0x0FF12, 4519, 1 },
    { 0x0FF13, 4520, 1 },
    { 0x0FF14, 4521, 1 },
    { 0x0FF15, 4522, 1 },
    { 0x0FF16, 4523, 1 },
    { 0x0FF17, 4524, 1 },
    { 0x0FF18, 4525, 1 },
    { 0x0FF19, 4526, 1 },
    { 0x0FF1A, 4527, 1 },
    { 0x0FF1B, 4528, 1 },
    { 0x0FF1C, 4529, 1 },
    { 0x0FF1D, 4530, 1 },
    { 0x0FF1E, 4531, 1 },
    { 0x0FF1F, 4532, 1 },
    { 0x0FF20, 4533, 1 },
    { 0x0FF21, 4534, 1 },
    { 0x0FF22, 4535, 1 },
    { 0x0FF23, 4536, 1 },
    { 0x0FF24, 4537, 1 },
    { 0x0FF25, 4538, 1 },
    { 0x0FF26, 4539, 1 },
    { 0x0FF27, 4540, 1 },
    { 0x0FF28, 4541, 1 },
    { 0x0FF29, 4542, 1 },
    { 0x0FF2A, 4543, 1 },
    { 0x0FF2B, 4544, 1 },
    { 0x0FF2C, 4545, 1 },
    { 0x0FF2D, 4546, 1 },
    { 0x0FF2E, 4547, 1 },
    { 0x0FF2F, 4548, 1 },
    { 0x0FF30, 4549, 1 },
    { 0x0FF31, 4550, 1 },
    { 0x0FF32, 4551, 1 },
    { 0x0FF33, 4552, 1 },
    { 0x0FF34, 4553, 1 },
    { 0x0FF35, 4554, 1 },
    { 0x0FF36, 4555, 1 },
    { 0x0FF37, 4556, 1 },
    { 0x0FF38, 4557, 1 },
    { 0x0FF39, 4558, 1 },
    { 0x0FF3A, 4559, 1 },
    { 0x0FF3B, 4560, 1 },
    { 0x0FF3C, 4561, 1 },
    { 0x0FF3D, 4562, 1 },
    { 0x0FF3E, 4563, 1 },
    { 0x0FF3F, 4564, 1 },
    { 0x0FF40, 4565, 1 },
    { 0x0FF41, 4566, 1 },
    { 0x0FF42, 4567, 1 },
    { 0x0FF43, 4568, 1 },
    { 0x0FF44, 4569, 1 },
    { 0x0FF45, 4570, 1 },
    { 0x0FF46, 4571, 1 },
    { 0x0FF47, 4572, 1 },
    { 0x0FF48, 4573, 1 },
    { 0x0FF49, 4574, 1 },
    { 0x0FF4A, 4575, 1 },
    { 0x0FF4B, 4576, 1 },
    { 0x0FF4C, 4577, 1 },
    { 0x0FF4D, 4578, 1 },
    { 0x0FF4E, 4579, 1 },
    { 0x0FF4F, 4580, 1 },
    { 0x0FF50, 4581, 1 },
    { 0x0FF51, 4582, 1 },
    { 0x0FF52, 4583, 1 },
    { 0x0FF53, 4584, 1 },
    { 0x0FF54, 4585, 1 },
    { 0x0FF55, 4586, 1 },
    { 0x0FF56, 4587, 1 },
    { 0x0FF57, 4588, 1 },
    { 0x0FF58, 4589, 1 },
    { 0x0FF59, 4590, 1 },
    { 0x0FF5A, 4591, 1 },
    { 0x0FF5B, 4592, 1 },
    { 0x0FF5C, 4593, 1 },
    { 0x0FF5D, 4594, 1 },
    { 0x0FF5E, 4595, 1 },
    { 0x0FF5F, 4596, 1 },
    { 0x0FF60, 4597, 1 },
    { 0x0FF61, 4598, 1 },
    { 0x0FF62, 4599, 1 },
    { 0x0FF63, 4600, 1 },
    { 0x0FF64, 4601, 1 },
    { 0x0FF65, 4602, 1 },
    { 0x0FF66, 4603, 1 },
    { 0x0FF67, 4604, 1 },
    { 0x0FF68, 4605, 1 },
    { 0x0FF69, 4606, 1 },
    { 0x0FF6A, 4607, 1 },
    { 0x0FF6B, 4608, 1 },
    { 0x0FF6C, 4609, 1 },
    { 0x0FF6D, 4610, 1 },
    { 0x0FF6E, 4611, 1 },
    { 0x0FF6F, 4612, 1 },
    { 0x0FF70, 4613, 1 },
    { 0x0FF71, 4614, 1 },
    { 0x0FF72, 4615, 1 },
    { 0x0FF73, 4616, 1 },
    { 0x0FF74, 4617, 1 },
    { 0x0FF75, 4618, 1 },
    { 0x0FF76, 4619, 1 },
    { 0x0FF77, 4620, 1 },
    { 0x0FF78, 4621, 1 },
    { 0x0FF79, 4622, 1 },
    { 0x0FF7A, 4623, 1 },
    { 0x0FF7B, 4624, 1 },
    { 0x0FF7C, 4625, 1 },
    { 0x0FF7D, 4626, 1 },
    { 0x0FF7E, 4627, 1 },
    { 0x0FF7F, 4628, 1 },
    { 0x0FF80, 4629, 1 },
    { 0x0FF81, 4630, 1 },
    { 0x0FF82, 4631, 1 },
    { 0x0FF83, 4632, 1 },
    { 0x0FF84, 4633, 1 },
    { 0x0FF85, 4634, 1 },
    { 0x0FF86, 4635, 1 },
    { 0x0FF87, 4636, 1 },
    { 0x0FF88, 4637, 1 },
    { 0x0FF89, 4638, 1 },
    { 0x0FF8A, 4639, 1 },
    { 0x0FF8B, 4640, 1 },
    { 0x0FF8C, 4641, 1 },
    { 0x0FF8D, 4642, 1 },
    { 0x0FF8E, 4643, 1 },
    { 0x0FF8F, 4644, 1 },
    { 0x0FF90, 4645, 1 },
    { 0x0FF91, 4646, 1 },
    { 0x0FF92, 4647, 1 },
    { 0x0FF93, 4648, 1 },
    { 0x0FF94, 4649, 1 },
    { 0x0FF95, 4650, 1 },
    { 0x0FF96, 4651, 1 },
    { 0x0FF97, 4652, 1 },
    { 0x0FF98, 4653, 1 },
    { 0x0FF99, 4654, 1 },
    { 0x0FF9A, 4655, 1 },
    { 0x0FF9B, 4656, 1 },
    { 0x0FF9C, 4657, 1 },
    { 0x0FF9D, 4658, 1 },
    { 0x0FF9E, 4659, 1 },
    { 0x0FF9F, 4660, 1 },
    { 0x0FFA0, 4661, 1 },
    { 0x0FFA1, 4662, 1 },
    { 0x0FFA2, 4663, 1 },
    { 0x0FFA3, 4664, 1 },
    { 0x0FFA4, 4665, 1 },
    { 0x0FFA5, 4666, 1 },
    { 0x0FFA6, 4667, 1 },
    { 0x0FFA7, 4668, 1 },
    { 0x0FFA8, 4669, 1 },
    { 0x0FFA9, 4670, 1 },
    { 0x0FFAA, 4671, 1 },
    { 0x0FFAB, 4672, 1 },
    { 0x0FFAC, 4673, 1 },
    { 0x0FFAD, 4674, 1 },
    { 0x0FFAE, 4675, 1 },
    { 0x0FFAF, 4676, 1 },
    { 0x0FFB0, 4677, 1 },
    { 0x0FFB1, 4678, 1 },
    { 0x0FFB2, 4679, 1 },
    { 0x0FFB3, 4680, 1 },
    { 0x0FFB4, 4681, 1 },
    { 0x0FFB5, 4682, 1 },
    { 0x0FFB6, 4683, 1 },
    { 0x0FFB7, 4684, 1 },
    { 0x0FFB8, 4685, 1 },
    { 0x0FFB9, 4686, 1 },
    { 0x0FFBA, 4687, 1 },
    { 0x0FFBB, 4688, 1 },
    { 0x0FFBC, 4689, 1 },
    { 0x0FFBD, 4690, 1 },
    { 0x0FFBE, 4691, 1 },
    { 0x0FFC2, 4692, 1 },
    { 0x0FFC3, 4693, 1 },
    { 0x0FFC4, 4694, 1 },
    { 0x0FFC5, 4695, 1 },
    { 0x0FFC6, 4696, 1 },
    { 0x0FFC7, 4697, 1 },
    { 0x0FFCA, 4698, 1 },
    { 0x0FFCB, 4699, 1 },
    { 0x0FFCC, 4700, 1 },
    { 0x0FFCD, 4701, 1 },
    { 0x0FFCE, 4702, 1 },
    { 0x0FFCF, 4703, 1 },
    { 0x0FFD2, 4704, 1 },
    { 0x0FFD3, 4705, 1 },
    { 0x0FFD4, 4706, 1 },
    { 0x0FFD5, 4707, 1 },
    { 0x0FFD6, 4708, 1 },
    { 0x0FFD7, 4709, 1 },
    { 0x0FFDA, 4710, 1 },
    { 0x0FFDB, 4711, 1 },
    { 0x0FFDC, 4712, 1 },
    { 0x0FFE0, 4713, 1 },
    { 0x0FFE1, 4714, 1 },
    { 0x0FFE2, 4715, 1 },
    { 0x0FFE3, 4716, 2 },
    { 0x0FFE4, 4718, 1 },
    { 0x0FFE5, 4719, 1 },
    { 0x0FFE6, 4720, 1 },
    { 0x0FFE8, 4721, 1 },
    { 0x0FFE9, 4722, 1 },
    { 0x0FFEA, 4723, 1 },
    { 0x0FFEB, 4724, 1 },
    { 0x0FFEC, 4725, 1 },
    { 0x0FFED, 4726, 1 },
    { 0x0FFEE, 4727, 1 },
    { 0x10781, 4728, 1 },
    { 0x10782, 4729, 1 },
    { 0x10783, 4730, 1 },
    { 0x10784, 4731, 1 },
    { 0x10785, 4732, 1 },
    { 0x10787, 4733, 1 },
    { 0x10788, 4734, 1 },
    { 0x10789, 4735, 1 },
    { 0x1078A, 4736, 1 },
    { 0x1078B, 4737, 1 },
    { 0x1078C, 4738, 1 },
    { 0x1078D, 4739, 1 },
    { 0x1078E, 4740, 1 },
    { 0x1078F, 4741, 1 },
    { 0x10790, 4742, 1 },
    { 0x10791, 4743, 1 },
    { 0x10792, 4744, 1 },
    { 0x10793, 4745, 1 },
    { 0x10794, 4746, 1 },
    { 0x10795, 4747, 1 },
    { 0x10796, 4748, 1 },
    { 0x10797, 4749, 1 },
    { 0x10798, 4750, 1 },
    { 0x10799, 4751, 1 },
    { 0x1079A, 4752, 1 },
    { 0x1079B, 4753, 1 },
    { 0x1079C, 4754, 2 },
    { 0x1079D, 4756, 1 },
    { 0x1079E, 4757, 1 },
    { 0x1079F, 4758, 2 },
    { 0x107A0, 4760, 1 },
    { 0x107A1, 4761, 2 },
    { 0x107A2, 4763, 1 },
    { 0x107A3, 4764, 1 },
    { 0x107A4, 4765, 1 },
    { 0x107A5, 4766, 1 },
    { 0x107A6, 4767, 1 },
    { 0x107A7, 4768, 2 },
    { 0x107A8, 4770, 1 },
    { 0x107A9, 4771, 1 },
    { 0x107AA, 4772, 1 },
    { 0x107AB, 4773, 1 },
    { 0x107AC, 4774, 1 },
    { 0x107AD, 4775, 1 },
    { 0x107AE, 4776, 1 },
    { 0x107AF, 4777, 1 },
    { 0x107B0, 4778, 1 },
    { 0x107B2, 4779, 1 },
    { 0x107B3, 4780, 1 },
    { 0x107B4, 4781, 1 },
    { 0x107B5, 4782, 1 },
    { 0x107B6, 4783, 1 },
    { 0x107B7, 4784, 1 },
    { 0x107B8, 4785, 1 },
    { 0x107B9, 4786, 2 },
    { 0x107BA, 4788, 2 },
    { 0x1CCD6, 4790, 1 },
    { 0x1CCD7, 4791, 1 },
    { 0x1CCD8, 4792, 1 },
    { 0x1CCD9, 4793, 1 },
    { 0x1CCDA, 4794, 1 },
    { 0x1CCDB, 4795, 1 },
    { 0x1CCDC, 4796, 1 },
    { 0x1CCDD, 4797, 1 },
    { 0x1CCDE, 4798, 1 },
    { 0x1CCDF, 4799, 1 },
    { 0x1CCE0, 4800, 1 },
    { 0x1CCE1, 4801, 1 },
    { 0x1CCE2, 4802, 1 },
    { 0x1CCE3, 4803, 1 },
    { 0x1CCE4, 4804, 1 },
    { 0x1CCE5, 4805, 1 },
    { 0x1CCE6, 4806, 1 },
    { 0x1CCE7, 4807, 1 },
    { 0x1CCE8, 4808, 1 },
    { 0x1CCE9, 4809, 1 },
    { 0x1CCEA, 4810, 1 },
    { 0x1CCEB, 4811, 1 },
    { 0x1CCEC, 4812, 1 },
    { 0x1CCED, 4813, 1 },
    { 0x1CCEE, 4814, 1 },
    { 0x1CCEF, 4815, 1 },
    { 0x1CCF0, 4816, 1 },
    { 0x1CCF1, 4817, 1 },
    { 0x1CCF2, 4818, 1 },
    { 0x1CCF3, 4819, 1 },
    { 0x1CCF4, 4820, 1 },
    { 0x1CCF5, 4821, 1 },
    { 0x1CCF6, 4822, 1 },
    { 0x1CCF7, 4823, 1 },
    { 0x1CCF8, 4824, 1 },
    { 0x1CCF9, 4825, 1 },
    { 0x1D15E, 4826, 4 },
    { 0x1D15F, 4830, 4 },
    { 0x1D160, 4834, 6 },
    { 0x1D161, 4840, 6 },
    { 0x1D162, 4846, 6 },
    { 0x1D163, 4852, 6 },
    { 0x1D164, 4858, 6 },
    { 0x1D1BB, 4864, 4 },
    { 0x1D1BC, 4868, 4 },
    { 0x1D1BD, 4872, 6 },
    { 0x1D1BE, 4878, 6 },
    { 0x1D1BF, 4884, 6 },
    { 0x1D1C0, 4890, 6 },
    { 0x1D400, 4896, 1 },
    { 0x1D401, 4897, 1 },
    { 0x1D402, 4898, 1 },
    { 0x1D403, 4899, 1 },
    { 0x1D404, 4900, 1 },
    { 0x1D405, 4901, 1 },
    { 0x1D406, 4902, 1 },
    { 0x1D407, 4903, 1 },
    { 0x1D408, 4904, 1 },
    { 0x1D409, 4905, 1 },
    { 0x1D40A, 4906, 1 },
    { 0x1D40B, 4907, 1 },
    { 0x1D40C, 4908, 1 },
    { 0x1D40D, 4909, 1 },
    { 0x1D40E, 4910, 1 },
    { 0x1D40F, 4911, 1 },
    { 0x1D410, 4912, 1 },
    { 0x1D411, 4913, 1 },
    { 0x1D412, 4914, 1 },
    { 0x1D413, 4915, 1 },
    { 0x1D414, 4916, 1 },
    { 0x1D415, 4917, 1 },
    { 0x1D416, 4918, 1 },
    { 0x1D417, 4919, 1 },
    { 0x1D418, 4920, 1 },
    { 0x1D419, 4921, 1 },
    { 0x1D41A, 4922, 1 },
    { 0x1D41B, 4923, 1 },
    { 0x1D41C, 4924, 1 },
    { 0x1D41D, 4925, 1 },
    { 0x1D41E, 4926, 1 },
    { 0x1D41F, 4927, 1 },
    { 0x1D420, 4928, 1 },
    { 0x1D421, 4929, 1 },
    { 0x1D422, 4930, 1 },
    { 0x1D423, 4931, 1 },
    { 0x1D424, 4932, 1 },
    { 0x1D425, 4933, 1 },
    { 0x1D426, 4934, 1 },
    { 0x1D427, 4935, 1 },
    { 0x1D428, 4936, 1 },
    { 0x1D429, 4937, 1 },
    { 0x1D42A, 4938, 1 },
    { 0x1D42B, 4939, 1 },
    { 0x1D42C, 4940, 1 },
    { 0x1D42D, 4941, 1 },
    { 0x1D42E, 4942, 1 },
    { 0x1D42F, 4943, 1 },
    { 0x1D430, 4944, 1 },
    { 0x1D431, 4945, 1 },
    { 0x1D432, 4946, 1 },
    { 0x1D433, 4947, 1 },
    { 0x1D434, 4948, 1 },
    { 0x1D435, 4949, 1 },
    { 0x1D436, 4950, 1 },
    { 0x1D437, 4951, 1 },
    { 0x1D438, 4952, 1 },
    { 0x1D439, 4953, 1 },
    { 0x1D43A, 4954, 1 },
    { 0x1D43B, 4955, 1 },
    { 0x1D43C, 4956, 1 },
    { 0x1D43D, 4957, 1 },
    { 0x1D43E, 4958, 1 },
    { 0x1D43F, 4959, 1 },
    { 0x1D440, 4960, 1 },
    { 0x1D441, 4961, 1 },
    { 0x1D442, 4962, 1 },
    { 0x1D443, 4963, 1 },
    { 0x1D444, 4964, 1 },
    { 0x1D445, 4965, 1 },
    { 0x1D446, 4966, 1 },
    { 0x1D447, 4967, 1 },
    { 0x1D448, 4968, 1 },
    { 0x1D449, 4969, 1 },
    { 0x1D44A, 4970, 1 },
    { 0x1D44B, 4971, 1 },
    { 0x1D44C, 4972, 1 },
    { 0x1D44D, 4973, 1 },
    { 0x1D44E, 4974, 1 },
    { 0x1D44F, 4975, 1 },
    { 0x1D450, 4976, 1 },
    { 0x1D451, 4977, 1 },
    { 0x1D452, 4978, 1 },
    { 0x1D453, 4979, 1 },
    { 0x1D454, 4980, 1 },
    { 0x1D456, 4981, 1 },
    { 0x1D457, 4982, 1 },
    { 0x1D458, 4983, 1 },
    { 0x1D459, 4984, 1 },
    { 0x1D45A, 4985, 1 },
    { 0x1D45B, 4986, 1 },
    { 0x1D45C, 4987, 1 },
    { 0x1D45D, 4988, 1 },
    { 0x1D45E, 4989, 1 },
    { 0x1D45F, 4990, 1 },
    { 0x1D460, 4991, 1 },
    { 0x1D461, 4992, 1 },
    { 0x1D462, 4993, 1 },
    { 0x1D463, 4994, 1 },
    { 0x1D464, 4995, 1 },
    { 0x1D465, 4996, 1 },
    { 0x1D466, 4997, 1 },
    { 0x1D467, 4998, 1 },
    { 0x1D468, 4999, 1 },
    { 0x1D469, 5000, 1 },
    { 0x1D46A, 5001, 1 },
    { 0x1D46B, 5002, 1 },
    { 0x1D46C, 5003, 1 },
    { 0x1D46D, 5004, 1 },
    { 0x1D46E, 5005, 1 },
    { 0x1D46F, 5006, 1 },
    { 0x1D470, 5007, 1 },
    { 0x1D471, 5008, 1 },
    { 0x1D472, 5009, 1 },
    { 0x1D473, 5010, 1 },
    { 0x1D474, 5011, 1 },
    { 0x1D475, 5012, 1 },
    { 0x1D476, 5013, 1 },
    { 0x1D477, 5014, 1 },
    { 0x1D478, 5015, 1 },
    { 0x1D479, 5016, 1 },
    { 0x1D47A, 5017, 1 },
    { 0x1D47B, 5018, 1 },
    { 0x1D47C, 5019, 1 },
    { 0x1D47D, 5020, 1 },
    { 0x1D47E, 5021, 1 },
    { 0x1D47F, 5022, 1 },
    { 0x1D480, 5023, 1 },
    { 0x1D481, 5024, 1 },
    { 0x1D482, 5025, 1 },
    { 0x1D483, 5026, 1 },
    { 0x1D484, 5027, 1 },
    { 0x1D485, 5028, 1 },
    { 0x1D486, 5029, 1 },
    { 0x1D487, 5030, 1 },
    { 0x1D488, 5031, 1 },
    { 0x1D489, 5032, 1 },
    { 0x1D48A, 5033, 1 },
    { 0x1D48B, 5034, 1 },
    { 0x1D48C, 5035, 1 },
    { 0x1D48D, 5036, 1 },
    { 0x1D48E, 5037, 1 },
    { 0x1D48F, 5038, 1 },
    { 0x1D490, 5039, 1 },
    { 0x1D491, 5040, 1 },
    { 0x1D492, 5041, 1 },
    { 0x1D493, 5042, 1 },
    { 0x1D494, 5043, 1 },
    { 0x1D495, 5044, 1 },
    { 0x1D496, 5045, 1 },
    { 0x1D497, 5046, 1 },
    { 0x1D498, 5047, 1 },
    { 0x1D499, 5048, 1 },
    { 0x1D49A, 5049, 1 },
    { 0x1D49B, 5050, 1 },
    { 0x1D49C, 5051, 1 },
    { 0x1D49E, 5052, 1 },
    { 0x1D49F, 5053, 1 },
    { 0x1D4A2, 5054, 1 },
    { 0x1D4A5, 5055, 1 },
    { 0x1D4A6, 5056, 1 },
    { 0x1D4A9, 5057, 1 },
    { 0x1D4AA, 5058, 1 },
    { 0x1D4AB, 5059, 1 },
    { 0x1D4AC, 5060, 1 },
    { 0x1D4AE, 5061, 1 },
    { 0x1D4AF, 5062, 1 },
    { 0x1D4B0, 5063, 1 },
    { 0x1D4B1, 5064, 1 },
    { 0x1D4B2, 5065, 1 },
    { 0x1D4B3, 5066, 1 },
    { 0x1D4B4, 5067, 1 },
    { 0x1D4B5, 5068, 1 },
    { 0x1D4B6, 5069, 1 },
    { 0x1D4B7, 5070, 1 },
    { 0x1D4B8, 5071, 1 },
    { 0x1D4B9, 5072, 1 },
    { 0x1D4BB, 5073, 1 },
    { 0x1D4BD, 5074, 1 },
    { 0x1D4BE, 5075, 1 },
    { 0x1D4BF, 5076, 1 },
    { 0x1D4C0, 5077, 1 },
    { 0x1D4C1, 5078, 1 },
    { 0x1D4C2, 5079, 1 },
    { 0x1D4C3, 5080, 1 },
    { 0x1D4C5, 5081, 1 },
    { 0x1D4C6, 5082, 1 },
    { 0x1D4C7, 5083, 1 },
    { 0x1D4C8, 5084, 1 },
    { 0x1D4C9, 5085, 1 },
    { 0x1D4CA, 5086, 1 },
    { 0x1D4CB, 5087, 1 },
    { 0x1D4CC, 5088, 1 },
    { 0x1D4CD, 5089, 1 },
    { 0x1D4CE, 5090, 1 },
    { 0x1D4CF, 5091, 1 },
    { 0x1D4D0, 5092, 1 },
    { 0x1D4D1, 5093, 1 },
    { 0x1D4D2, 5094, 1 },
    { 0x1D4D3, 5095, 1 },
    { 0x1D4D4, 5096, 1 },
    { 0x1D4D5, 5097, 1 },
    { 0x1D4D6, 5098, 1 },
    { 0x1D4D7, 5099, 1 },
    { 0x1D4D8, 5100, 1 },
    { 0x1D4D9, 5101, 1 },
    { 0x1D4DA, 5102, 1 },
    { 0x1D4DB, 5103, 1 },
    { 0x1D4DC, 5104, 1 },
    { 0x1D4DD, 5105, 1 },
    { 0x1D4DE, 5106, 1 },
    { 0x1D4DF, 5107, 1 },
    { 0x1D4E0, 5108, 1 },
    { 0x1D4E1, 5109, 1 },
    { 0x1D4E2, 5110, 1 },
    { 0x1D4E3, 5111, 1 },
    { 0x1D4E4, 5112, 1 },
    { 0x1D4E5, 5113, 1 },
    { 0x1D4E6, 5114, 1 },
    { 0x1D4E7, 5115, 1 },
    { 0x1D4E8, 5116, 1 },
    { 0x1D4E9, 5117, 1 },
    { 0x1D4EA, 5118, 1 },
    { 0x1D4EB, 5119, 1 },
    { 0x1D4EC, 5120, 1 },
    { 0x1D4ED, 5121, 1 },
    { 0x1D4EE, 5122, 1 },
    { 0x1D4EF, 5123, 1 },
    { 0x1D4F0, 5124, 1 },
    { 0x1D4F1, 5125, 1 },
    { 0x1D4F2, 5126, 1 },
    { 0x1D4F3, 5127, 1 },
    { 0x1D4F4, 5128, 1 },
    { 0x1D4F5, 5129, 1 },
    { 0x1D4F6, 5130, 1 },
    { 0x1D4F7, 5131, 1 },
    { 0x1D4F8, 5132, 1 },
    { 0x1D4F9, 5133, 1 },
    { 0x1D4FA, 5134, 1 },
    { 0x1D4FB, 5135, 1 },
    { 0x1D4FC, 5136, 1 },
    { 0x1D4FD, 5137, 1 },
    { 0x1D4FE, 5138, 1 },
    { 0x1D4FF, 5139, 1 },
    { 0x1D500, 5140, 1 },
    { 0x1D501, 5141, 1 },
    { 0x1D502, 5142, 1 },
    { 0x1D503, 5143, 1 },
    { 0x1D504, 5144, 1 },
    { 0x1D505, 5145, 1 },
    { 0x1D507, 5146, 1 },
    { 0x1D508, 5147, 1 },
    { 0x1D509, 5148, 1 },
    { 0x1D50A, 5149, 1 },
    { 0x1D50D, 5150, 1 },
    { 0x1D50E, 5151, 1 },
    { 0x1D50F, 5152, 1 },
    { 0x1D510, 5153, 1 },
    { 0x1D511, 5154, 1 },
    { 0x1D512, 5155, 1 },
    { 0x1D513, 5156, 1 },
    { 0x1D514, 5157, 1 },
    { 0x1D516, 5158, 1 },
    { 0x1D517, 5159, 1 },
    { 0x1D518, 5160, 1 },
    { 0x1D519, 5161, 1 },
    { 0x1D51A, 5162, 1 },
    { 0x1D51B, 5163, 1 },
    { 0x1D51C, 5164, 1 },
    { 0x1D51E, 5165, 1 },
    { 0x1D51F, 5166, 1 },
    { 0x1D520, 5167, 1 },
    { 0x1D521, 5168, 1 },
    { 0x1D522, 5169, 1 },
    { 0x1D523, 5170, 1 },
    { 0x1D524, 5171, 1 },
    { 0x1D525, 5172, 1 },
    { 0x1D526, 5173, 1 },
    { 0x1D527, 5174, 1 },
    { 0x1D528, 5175, 1 },
    { 0x1D529, 5176, 1 },
    { 0x1D52A, 5177, 1 },
    { 0x1D52B, 5178, 1 },
    { 0x1D52C, 5179, 1 },
    { 0x1D52D, 5180, 1 },
    { 0x1D52E, 5181, 1 },
    { 0x1D52F, 5182, 1 },
    { 0x1D530, 5183, 1 },
    { 0x1D531, 5184, 1 },
    { 0x1D532, 5185, 1 },
    { 0x1D533, 5186, 1 },
    { 0x1D534, 5187, 1 },
    { 0x1D535, 5188, 1 },
    { 0x1D536, 5189, 1 },
    { 0x1D537, 5190, 1 },
    { 0x1D538, 5191, 1 },
    { 0x1D539, 5192, 1 },
    { 0x1D53B, 5193, 1 },
    { 0x1D53C, 5194, 1 },
    { 0x1D53D, 5195, 1 },
    { 0x1D53E, 5196, 1 },
    { 0x1D540, 5197, 1 },
    { 0x1D541, 5198, 1 },
    { 0x1D542, 5199, 1 },
    { 0x1D543, 5200, 1 },
    { 0x1D544, 5201, 1 },
    { 0x1D546, 5202, 1 },
    { 0x1D54A, 5203, 1 },
    { 0x1D54B, 5204, 1 },
    { 0x1D54C, 5205, 1 },
    { 0x1D54D, 5206, 1 },
    { 0x1D54E, 5207, 1 },
    { 0x1D54F, 5208, 1 },
    { 0x1D550, 5209, 1 },
    { 0x1D552, 5210, 1 },
    { 0x1D553, 5211, 1 },
    { 0x1D554, 5212, 1 },
    { 0x1D555, 5213, 1 },
    { 0x1D556, 5214, 1 },
    { 0x1D557, 5215, 1 },
    { 0x1D558, 5216, 1 },
    { 0x1D559, 5217, 1 },
    { 0x1D55A, 5218, 1 },
    { 0x1D55B, 5219, 1 },
    { 0x1D55C, 5220, 1 },
    { 0x1D55D, 5221, 1 },
    { 0x1D55E, 5222, 1 },
    { 0x1D55F, 5223, 1 },
    { 0x1D560, 5224, 1 },
    { 0x1D561, 5225, 1 },
    { 0x1D562, 5226, 1 },
    { 0x1D563, 5227, 1 },
    { 0x1D564, 5228, 1 },
    { 0x1D565, 5229, 1 },
    { 0x1D566, 5230, 1 },
    { 0x1D567, 5231, 1 },
    { 0x1D568, 5232, 1 },
    { 0x1D569, 5233, 1 },
    { 0x1D56A, 5234, 1 },
    { 0x1D56B, 5235, 1 },
    { 0x1D56C, 5236, 1 },
    { 0x1D56D, 5237, 1 },
    { 0x1D56E, 5238, 1 },
    { 0x1D56F, 5239, 1 },
    { 0x1D570, 5240, 1 },
    { 0x1D571, 5241, 1 },
    { 0x1D572, 5242, 1 },
    { 0x1D573, 5243, 1 },
    { 0x1D574, 5244, 1 },
    { 0x1D575, 5245, 1 },
    { 0x1D576, 5246, 1 },
    { 0x1D577, 5247, 1 },
    { 0x1D578, 5248, 1 },
    { 0x1D579, 5249, 1 },
    { 0x1D57A, 5250, 1 },
    { 0x1D57B, 5251, 1 },
    { 0x1D57C, 5252, 1 },
    { 0x1D57D, 5253, 1 },
    { 0x1D57E, 5254, 1 },
    { 0x1D57F, 5255, 1 },
    { 0x1D580, 5256, 1 },
    { 0x1D581, 5257, 1 },
    { 0x1D582, 5258, 1 },
    { 0x1D583, 5259, 1 },
    { 0x1D584, 5260, 1 },
    { 0x1D585, 5261, 1 },
    { 0x1D586, 5262, 1 },
    { 0x1D587, 5263, 1 },
    { 0x1D588, 5264, 1 },
    { 0x1D589, 5265, 1 },
    { 0x1D58A, 5266, 1 },
    { 0x1D58B, 5267, 1 },
    { 0x1D58C, 5268, 1 },
    { 0x1D58D, 5269, 1 },
    { 0x1D58E, 5270, 1 },
    { 0x1D58F, 5271, 1 },
    { 0x1D590, 5272, 1 },
    { 0x1D591, 5273, 1 },
    { 0x1D592, 5274, 1 },
    { 0x1D593, 5275, 1 },
    { 0x1D594, 5276, 1 },
    { 0x1D595, 5277, 1 },
    { 0x1D596, 5278, 1 },
    { 0x1D597, 5279, 1 },
    { 0x1D598, 5280, 1 },
    { 0x1D599, 5281, 1 },
    { 0x1D59A, 5282, 1 },
    { 0x1D59B, 5283, 1 },
    { 0x1D59C, 5284, 1 },
    { 0x1D59D, 5285, 1 },
    { 0x1D59E, 5286, 1 },
    { 0x1D59F, 5287, 1 },
    { 0x1D5A0, 5288, 1 },
    { 0x1D5A1, 5289, 1 },
    { 0x1D5A2, 5290, 1 },
    { 0x1D5A3, 5291, 1 },
    { 0x1D5A4, 5292, 1 },
    { 0x1D5A5, 5293, 1 },
    { 0x1D5A6, 5294, 1 },
    { 0x1D5A7, 5295, 1 },
    { 0x1D5A8, 5296, 1 },
    { 0x1D5A9, 5297, 1 },
    { 0x1D5AA, 5298, 1 },
    { 0x1D5AB, 5299, 1 },
    { 0x1D5AC, 5300, 1 },
    { 0x1D5AD, 5301, 1 },
    { 0x1D5AE, 5302, 1 },
    { 0x1D5AF, 5303, 1 },
    { 0x1D5B0, 5304, 1 },
    { 0x1D5B1, 5305, 1 },
    { 0x1D5B2, 5306, 1 },
    { 0x1D5B3, 5307, 1 },
    { 0x1D5B4, 5308, 1 },
    { 0x1D5B5, 5309, 1 },
    { 0x1D5B6, 5310, 1 },
    { 0x1D5B7, 5311, 1 },
    { 0x1D5B8, 5312, 1 },
    { 0x1D5B9, 5313, 1 },
    { 0x1D5BA, 5314, 1 },
    { 0x1D5BB, 5315, 1 },
    { 0x1D5BC, 5316, 1 },
    { 0x1D5BD, 5317, 1 },
    { 0x1D5BE, 5318, 1 },
    { 0x1D5BF, 5319, 1 },
    { 0x1D5C0, 5320, 1 },
    { 0x1D5C1, 5321, 1 },
    { 0x1D5C2, 5322, 1 },
    { 0x1D5C3, 5323, 1 },
    { 0x1D5C4, 5324, 1 },
    { 0x1D5C5, 5325, 1 },
    { 0x1D5C6, 5326, 1 },
    { 0x1D5C7, 5327, 1 },
    { 0x1D5C8, 5328, 1 },
    { 0x1D5C9, 5329, 1 },
    { 0x1D5CA, 5330, 1 },
    { 0x1D5CB, 5331, 1 },
    { 0x1D5CC, 5332, 1 },
    { 0x1D5CD, 5333, 1 },
    { 0x1D5CE, 5334, 1 },
    { 0x1D5CF, 5335, 1 },
    { 0x1D5D0, 5336, 1 },
    { 0x1D5D1, 5337, 1 },
    { 0x1D5D2, 5338, 1 },
    { 0x1D5D3, 5339, 1 },
    { 0x1D5D4, 5340, 1 },
    { 0x1D5D5, 5341, 1 },
    { 0x1D5D6, 5342, 1 },
    { 0x1D5D7, 5343, 1 },
    { 0x1D5D8, 5344, 1 },
    { 0x1D5D9, 5345, 1 },
    { 0x1D5DA, 5346, 1 },
    { 0x1D5DB, 5347, 1 },
    { 0x1D5DC, 5348, 1 },
    { 0x1D5DD, 5349, 1 },
    { 0x1D5DE, 5350, 1 },
    { 0x1D5DF, 5351, 1 },
    { 0x1D5E0, 5352, 1 },
    { 0x1D5E1, 5353, 1 },
    { 0x1D5E2, 5354, 1 },
    { 0x1D5E3, 5355, 1 },
    { 0x1D5E4, 5356, 1 },
    { 0x1D5E5, 5357, 1 },
    { 0x1D5E6, 5358, 1 },
    { 0x1D5E7, 5359, 1 },
    { 0x1D5E8, 5360, 1 },
    { 0x1D5E9, 5361, 1 },
    { 0x1D5EA, 5362, 1 },
    { 0x1D5EB, 5363, 1 },
    { 0x1D5EC, 5364, 1 },
    { 0x1D5ED, 5365, 1 },
    { 0x1D5EE, 5366, 1 },
    { 0x1D5EF, 5367, 1 },
    { 0x1D5F0, 5368, 1 },
    { 0x1D5F1, 5369, 1 },
    { 0x1D5F2, 5370, 1 },
    { 0x1D5F3, 5371, 1 },
    { 0x1D5F4, 5372, 1 },
    { 0x1D5F5, 5373, 1 },
    { 0x1D5F6, 5374, 1 },
    { 0x1D5F7, 5375, 1 },
    { 0x1D5F8, 5376, 1 },
    { 0x1D5F9, 5377, 1 },
    { 0x1D5FA, 5378, 1 },
    { 0x1D5FB, 5379, 1 },
    { 0x1D5FC, 5380, 1 },
    { 0x1D5FD, 5381, 1 },
    { 0x1D5FE, 5382, 1 },
    { 0x1D5FF, 5383, 1 },
    { 0x1D600, 5384, 1 },
    { 0x1D601, 5385, 1 },
    { 0x1D602, 5386, 1 },
    { 0x1D603, 5387, 1 },
    { 0x1D604, 5388, 1 },
    { 0x1D605, 5389, 1 },
    { 0x1D606, 5390, 1 },
    { 0x1D607, 5391, 1 },
    { 0x1D608, 5392, 1 },
    { 0x1D609, 5393, 1 },
    { 0x1D60A, 5394, 1 },
    { 0x1D60B, 5395, 1 },
    { 0x1D60C, 5396, 1 },
    { 0x1D60D, 5397, 1 },
    { 0x1D60E, 5398, 1 },
    { 0x1D60F, 5399, 1 },
    { 0x1D610, 5400, 1 },
    { 0x1D611, 5401, 1 },
    { 0x1D612, 5402, 1 },
    { 0x1D613, 5403, 1 },
    { 0x1D614, 5404, 1 },
    { 0x1D615, 5405, 1 },
    { 0x1D616, 5406, 1 },
    { 0x1D617, 5407, 1 },
    { 0x1D618, 5408, 1 },
    { 0x1D619, 5409, 1 },
    { 0x1D61A, 5410, 1 },
    { 0x1D61B, 5411, 1 },
    { 0x1D61C, 5412, 1 },
    { 0x1D61D, 5413, 1 },
    { 0x1D61E, 5414, 1 },
    { 0x1D61F, 5415, 1 },
    { 0x1D620, 5416, 1 },
    { 0x1D621, 5417, 1 },
    { 0x1D622, 5418, 1 },
    { 0x1D623, 5419, 1 },
    { 0x1D624, 5420, 1 },
    { 0x1D625, 5421, 1 },
    { 0x1D626, 5422, 1 },
    { 0x1D627, 5423, 1 },
    { 0x1D628, 5424, 1 },
    { 0x1D629, 5425, 1 },
    { 0x1D62A, 5426, 1 },
    { 0x1D62B, 5427, 1 },
    { 0x1D62C, 5428, 1 },
    { 0x1D62D, 5429, 1 },
    { 0x1D62E, 5430, 1 },
    { 0x1D62F, 5431, 1 },
    { 0x1D630, 5432, 1 },
    { 0x1D631, 5433, 1 },
    { 0x1D632, 5434, 1 },
    { 0x1D633, 5435, 1 },
    { 0x1D634, 5436, 1 },
    { 0x1D635, 5437, 1 },
    { 0x1D636, 5438, 1 },
    { 0x1D637, 5439, 1 },
    { 0x1D638, 5440, 1 },
    { 0x1D639, 5441, 1 },
    { 0x1D63A, 5442, 1 },
    { 0x1D63B, 5443, 1 },
    { 0x1D63C, 5444, 1 },
    { 0x1D63D, 5445, 1 },
    { 0x1D63E, 5446, 1 },
    { 0x1D63F, 5447, 1 },
    { 0x1D640, 5448, 1 },
    { 0x1D641, 5449, 1 },
    { 0x1D642, 5450, 1 },
    { 0x1D643, 5451, 1 },
    { 0x1D644, 5452, 1 },
    { 0x1D645, 5453, 1 },
    { 0x1D646, 5454, 1 },
    { 0x1D647, 5455, 1 },
    { 0x1D648, 5456, 1 },
    { 0x1D649, 5457, 1 },
    { 0x1D64A, 5458, 1 },
    { 0x1D64B, 5459, 1 },
    { 0x1D64C, 5460, 1 },
    { 0x1D64D, 5461, 1 },
    { 0x1D64E, 5462, 1 },
    { 0x1D64F, 5463, 1 },
    { 0x1D650, 5464, 1 },
    { 0x1D651, 5465, 1 },
    { 0x1D652, 5466, 1 },
    { 0x1D653, 5467, 1 },
    { 0x1D654, 5468, 1 },
    { 0x1D655, 5469, 1 },
    { 0x1D656, 5470, 1 },
    { 0x1D657, 5471, 1 },
    { 0x1D658, 5472, 1 },
    { 0x1D659, 5473, 1 },
    { 0x1D65A, 5474, 1 },
    { 0x1D65B, 5475, 1 },
    { 0x1D65C, 5476, 1 },
    { 0x1D65D, 5477, 1 },
    { 0x1D65E, 5478, 1 },
    { 0x1D65F, 5479, 1 },
    { 0x1D660, 5480, 1 },
    { 0x1D661, 5481, 1 },
    { 0x1D662, 5482, 1 },
    { 0x1D663, 5483, 1 },
    { 0x1D664, 5484, 1 },
    { 0x1D665, 5485, 1 },
    { 0x1D666, 5486, 1 },
    { 0x1D667, 5487, 1 },
    { 0x1D668, 5488, 1 },
    { 0x1D669, 5489, 1 },
    { 0x1D66A, 5490, 1 },
    { 0x1D66B, 5491, 1 },
    { 0x1D66C, 5492, 1 },
    { 0x1D66D, 5493, 1 },
    { 0x1D66E, 5494, 1 },
    { 0x1D66F, 5495, 1 },
    { 0x1D670, 5496, 1 },
    { 0x1D671, 5497, 1 },
    { 0x1D672, 5498, 1 },
    { 0x1D673, 5499, 1 },
    { 0x1D674, 5500, 1 },
    { 0x1D675, 5501, 1 },
    { 0x1D676, 5502, 1 },
    { 0x1D677, 5503, 1 },
    { 0x1D678, 5504, 1 },
    { 0x1D679, 5505, 1 },
    { 0x1D67A, 5506, 1 },
    { 0x1D67B, 5507, 1 },
    { 0x1D67C, 5508, 1 },
    { 0x1D67D, 5509, 1 },
    { 0x1D67E, 5510, 1 },
    { 0x1D67F, 5511, 1 },
    { 0x1D680, 5512, 1 },
    { 0x1D681, 5513, 1 },
    { 0x1D682, 5514, 1 },
    { 0x1D683, 5515, 1 },
    { 0x1D684, 5516, 1 },
    { 0x1D685, 5517, 1 },
    { 0x1D686, 5518, 1 },
    { 0x1D687, 5519, 1 },
    { 0x1D688, 5520, 1 },
    { 0x1D689, 5521, 1 },
    { 0x1D68A, 5522, 1 },
    { 0x1D68B, 5523, 1 },
    { 0x1D68C, 5524, 1 },
    { 0x1D68D, 5525, 1 },
    { 0x1D68E, 5526, 1 },
    { 0x1D68F, 5527, 1 },
    { 0x1D690, 5528, 1 },
    { 0x1D691, 5529, 1 },
    { 0x1D692, 5530, 1 },
    { 0x1D693, 5531, 1 },
    { 0x1D694, 5532, 1 },
    { 0x1D695, 5533, 1 },
    { 0x1D696, 5534, 1 },
    { 0x1D697, 5535, 1 },
    { 0x1D698, 5536, 1 },
    { 0x1D699, 5537, 1 },
    { 0x1D69A, 5538, 1 },
    { 0x1D69B, 5539, 1 },
    { 0x1D69C, 5540, 1 },
    { 0x1D69D, 5541, 1 },
    { 0x1D69E, 5542, 1 },
    { 0x1D69F, 5543, 1 },
    { 0x1D6A0, 5544, 1 },
    { 0x1D6A1, 5545, 1 },
    { 0x1D6A2, 5546, 1 },
    { 0x1D6A3, 5547, 1 },
    { 0x1D6A4, 5548, 1 },
    { 0x1D6A5, 5549, 1 },
    { 0x1D6A8, 5550, 1 },
    { 0x1D6A9, 5551, 1 },
    { 0x1D6AA, 5552, 1 },
    { 0x1D6AB, 5553, 1 },
    { 0x1D6AC, 5554, 1 },
    { 0x1D6AD, 5555, 1 },
    { 0x1D6AE, 5556, 1 },
    { 0x1D6AF, 5557, 1 },
    { 0x1D6B0, 5558, 1 },
    { 0x1D6B1, 5559, 1 },
    { 0x1D6B2, 5560, 1 },
    { 0x1D6B3, 5561, 1 },
    { 0x1D6B4, 5562, 1 },
    { 0x1D6B5, 5563, 1 },
    { 0x1D6B6, 5564, 1 },
    { 0x1D6B7, 5565, 1 },
    { 0x1D6B8, 5566, 1 },
    { 0x1D6B9, 5567, 1 },
    { 0x1D6BA, 5568, 1 },
    { 0x1D6BB, 5569, 1 },
    { 0x1D6BC, 5570, 1 },
    { 0x1D6BD, 5571, 1 },
    { 0x1D6BE, 5572, 1 },
    { 0x1D6BF, 5573, 1 },
    { 0x1D6C0, 5574, 1 },
    { 0x1D6C1, 5575, 1 },
    { 0x1D6C2, 5576, 1 },
    { 0x1D6C3, 5577, 1 },
    { 0x1D6C4, 5578, 1 },
    { 0x1D6C5, 5579, 1 },
    { 0x1D6C6, 5580, 1 },
    { 0x1D6C7, 5581, 1 },
    { 0x1D6C8, 5582, 1 },
    { 0x1D6C9, 5583, 1 },
    { 0x1D6CA, 5584, 1 },
    { 0x1D6CB, 5585, 1 },
    { 0x1D6CC, 5586, 1 },
    { 0x1D6CD, 5587, 1 },
    { 0x1D6CE, 5588, 1 },
    { 0x1D6CF, 5589, 1 },
    { 0x1D6D0, 5590, 1 },
    { 0x1D6D1, 5591, 1 },
    { 0x1D6D2, 5592, 1 },
    { 0x1D6D3, 5593, 1 },
    { 0x1D6D4, 5594, 1 },
    { 0x1D6D5, 5595, 1 },
    { 0x1D6D6, 5596, 1 },
    { 0x1D6D7, 5597, 1 },
    { 0x1D6D8, 5598, 1 },
    { 0x1D6D9, 5599, 1 },
    { 0x1D6DA, 5600, 1 },
    { 0x1D6DB, 5601, 1 },
    { 0x1D6DC, 5602, 1 },
    { 0x1D6DD, 5603, 1 },
    { 0x1D6DE, 5604, 1 },
    { 0x1D6DF, 5605, 1 },
    { 0x1D6E0, 5606, 1 },
    { 0x1D6E1, 5607, 1 },
    { 0x1D6E2, 5608, 1 },
    { 0x1D6E3, 5609, 1 },
    { 0x1D6E4, 5610, 1 },
    { 0x1D6E5, 5611, 1 },
    { 0x1D6E6, 5612, 1 },
    { 0x1D6E7, 5613, 1 },
    { 0x1D6E8, 5614, 1 },
    { 0x1D6E9, 5615, 1 },
    { 0x1D6EA, 5616, 1 },
    { 0x1D6EB, 5617, 1 },
    { 0x1D6EC, 5618, 1 },
    { 0x1D6ED, 5619, 1 },
    { 0x1D6EE, 5620, 1 },
    { 0x1D6EF, 5621, 1 },
    { 0x1D6F0, 5622, 1 },
    { 0x1D6F1, 5623, 1 },
    { 0x1D6F2, 5624, 1 },
    { 0x1D6F3, 5625, 1 },
    { 0x1D6F4, 5626, 1 },
    { 0x1D6F5, 5627, 1 },
    { 0x1D6F6, 5628, 1 },
    { 0x1D6F7, 5629, 1 },
    { 0x1D6F8, 5630, 1 },
    { 0x1D6F9, 5631, 1 },
    { 0x1D6FA, 5632, 1 },
    { 0x1D6FB, 5633, 1 },
    { 0x1D6FC, 5634, 1 },
    { 0x1D6FD, 5635, 1 },
    { 0x1D6FE, 5636, 1 },
    { 0x1D6FF, 5637, 1 },
    { 0x1D700, 5638, 1 },
    { 0x1D701, 5639, 1 },
    { 0x1D702, 5640, 1 },
    { 0x1D703, 5641, 1 },
    { 0x1D704, 5642, 1 },
    { 0x1D705, 5643, 1 },
    { 0x1D706, 5644, 1 },
    { 0x1D707, 5645, 1 },
    { 0x1D708, 5646, 1 },
    { 0x1D709, 5647, 1 },
    { 0x1D70A, 5648, 1 },
    { 0x1D70B, 5649, 1 },
    { 0x1D70C, 5650, 1 },
    { 0x1D70D, 5651, 1 },
    { 0x1D70E, 5652, 1 },
    { 0x1D70F, 5653, 1 },
    { 0x1D710, 5654, 1 },
    { 0x1D711, 5655, 1 },
    { 0x1D712, 5656, 1 },
    { 0x1D713, 5657, 1 },
    { 0x1D714, 5658, 1 },
    { 0x1D715, 5659, 1 },
    { 0x1D716, 5660, 1 },
    { 0x1D717, 5661, 1 },
    { 0x1D718, 5662, 1 },
    { 0x1D719, 5663, 1 },
    { 0x1D71A, 5664, 1 },
    { 0x1D71B, 5665, 1 },
    { 0x1D71C, 5666, 1 },
    { 0x1D71D, 5667, 1 },
    { 0x1D71E, 5668, 1 },
    { 0x1D71F, 5669, 1 },
    { 0x1D720, 5670, 1 },
    { 0x1D721, 5671, 1 },
    { 0x1D722, 5672, 1 },
    { 0x1D723, 5673, 1 },
    { 0x1D724, 5674, 1 },
    { 0x1D725, 5675, 1 },
    { 0x1D726, 5676, 1 },
    { 0x1D727, 5677, 1 },
    { 0x1D728, 5678, 1 },
    { 0x1D729, 5679, 1 },
    { 0x1D72A, 5680, 1 },
    { 0x1D72B, 5681, 1 },
    { 0x1D72C, 5682, 1 },
    { 0x1D72D, 5683, 1 },
    { 0x1D72E, 5684, 1 },
    { 0x1D72F, 5685, 1 },
    { 0x1D730, 5686, 1 },
    { 0x1D731, 5687, 1 },
    { 0x1D732, 5688, 1 },
    { 0x1D733, 5689, 1 },
    { 0x1D734, 5690, 1 },
    { 0x1D735, 5691, 1 },
    { 0x1D736, 5692, 1 },
    { 0x1D737, 5693, 1 },
    { 0x1D738, 5694, 1 },
    { 0x1D739, 5695, 1 },
    { 0x1D73A, 5696, 1 },
    { 0x1D73B, 5697, 1 },
    { 0x1D73C, 5698, 1 },
    { 0x1D73D, 5699, 1 },
    { 0x1D73E, 5700, 1 },
    { 0x1D73F, 5701, 1 },
    { 0x1D740, 5702, 1 },
    { 0x1D741, 5703, 1 },
    { 0x1D742, 5704, 1 },
    { 0x1D743, 5705, 1 },
    { 0x1D744, 5706, 1 },
    { 0x1D745, 5707, 1 },
    { 0x1D746, 5708, 1 },
    { 0x1D747, 5709, 1 },
    { 0x1D748, 5710, 1 },
    { 0x1D749, 5711, 1 },
    { 0x1D74A, 5712, 1 },
    { 0x1D74B, 5713, 1 },
    { 0x1D74C, 5714, 1 },
    { 0x1D74D, 5715, 1 },
    { 0x1D74E, 5716, 1 },
    { 0x1D74F, 5717, 1 },
    { 0x1D750, 5718, 1 },
    { 0x1D751, 5719, 1 },
    { 0x1D752, 5720, 1 },
    { 0x1D753, 5721, 1 },
    { 0x1D754, 5722, 1 },
    { 0x1D755, 5723, 1 },
    { 0x1D756, 5724, 1 },
    { 0x1D757, 5725, 1 },
    { 0x1D758, 5726, 1 },
    { 0x1D759, 5727, 1 },
    { 0x1D75A, 5728, 1 },
    { 0x1D75B, 5729, 1 },
    { 0x1D75C, 5730, 1 },
    { 0x1D75D, 5731, 1 },
    { 0x1D75E, 5732, 1 },
    { 0x1D75F, 5733, 1 },
    { 0x1D760, 5734, 1 },
    { 0x1D761, 5735, 1 },
    { 0x1D762, 5736, 1 },
    { 0x1D763, 5737, 1 },
    { 0x1D764, 5738, 1 },
    { 0x1D765, 5739, 1 },
    { 0x1D766, 5740, 1 },
    { 0x1D767, 5741, 1 },
    { 0x1D768, 5742, 1 },
    { 0x1D769, 5743, 1 },
    { 0x1D76A, 5744, 1 },
    { 0x1D76B, 5745, 1 },
    { 0x1D76C, 5746, 1 },
    { 0x1D76D, 5747, 1 },
    { 0x1D76E, 5748, 1 },
    { 0x1D76F, 5749, 1 },
    { 0x1D770, 5750, 1 },
    { 0x1D771, 5751, 1 },
    { 0x1D772, 5752, 1 },
    { 0x1D773, 5753, 1 },
    { 0x1D774, 5754, 1 },
    { 0x1D775, 5755, 1 },
    { 0x1D776, 5756, 1 },
    { 0x1D777, 5757, 1 },
    { 0x1D778, 5758, 1 },
    { 0x1D779, 5759, 1 },
    { 0x1D77A, 5760, 1 },
    { 0x1D77B, 5761, 1 },
    { 0x1D77C, 5762, 1 },
    { 0x1D77D, 5763, 1 },
    { 0x1D77E, 5764, 1 },
    { 0x1D77F, 5765, 1 },
    { 0x1D780, 5766, 1 },
    { 0x1D781, 5767, 1 },
    { 0x1D782, 5768, 1 },
    { 0x1D783, 5769, 1 },
    { 0x1D784, 5770, 1 },
    { 0x1D785, 5771, 1 },
    { 0x1D786, 5772, 1 },
    { 0x1D787, 5773, 1 },
    { 0x1D788, 5774, 1 },
    { 0x1D789, 5775, 1 },
    { 0x1D78A, 5776, 1 },
    { 0x1D78B, 5777, 1 },
    { 0x1D78C, 5778, 1 },
    { 0x1D78D, 5779, 1 },
    { 0x1D78E, 5780, 1 },
    { 0x1D78F, 5781, 1 },
    { 0x1D790, 5782, 1 },
    { 0x1D791, 5783, 1 },
    { 0x1D792, 5784, 1 },
    { 0x1D793, 5785, 1 },
    { 0x1D794, 5786, 1 },
    { 0x1D795, 5787, 1 },
    { 0x1D796, 5788, 1 },
    { 0x1D797, 5789, 1 },
    { 0x1D798, 5790, 1 },
    { 0x1D799, 5791, 1 },
    { 0x1D79A, 5792, 1 },
    { 0x1D79B, 5793, 1 },
    { 0x1D79C, 5794, 1 },
    { 0x1D79D, 5795, 1 },
    { 0x1D79E, 5796, 1 },
    { 0x1D79F, 5797, 1 },
    { 0x1D7A0, 5798, 1 },
    { 0x1D7A1, 5799, 1 },
    { 0x1D7A2, 5800, 1 },
    { 0x1D7A3, 5801, 1 },
    { 0x1D7A4, 5802, 1 },
    { 0x1D7A5, 5803, 1 },
    { 0x1D7A6, 5804, 1 },
    { 0x1D7A7, 5805, 1 },
    { 0x1D7A8, 5806, 1 },
    { 0x1D7A9, 5807, 1 },
    { 0x1D7AA, 5808, 1 },
    { 0x1D7AB, 5809, 1 },
    { 0x1D7AC, 5810, 1 },
    { 0x1D7AD, 5811, 1 },
    { 0x1D7AE, 5812, 1 },
    { 0x1D7AF, 5813, 1 },
    { 0x1D7B0, 5814, 1 },
    { 0x1D7B1, 5815, 1 },
    { 0x1D7B2, 5816, 1 },
    { 0x1D7B3, 5817, 1 },
    { 0x1D7B4, 5818, 1 },
    { 0x1D7B5, 5819, 1 },
    { 0x1D7B6, 5820, 1 },
    { 0x1D7B7, 5821, 1 },
    { 0x1D7B8, 5822, 1 },
    { 0x1D7B9, 5823, 1 },
    { 0x1D7BA, 5824, 1 },
    { 0x1D7BB, 5825, 1 },
    { 0x1D7BC, 5826, 1 },
    { 0x1D7BD, 5827, 1 },
    { 0x1D7BE, 5828, 1 },
    { 0x1D7BF, 5829, 1 },
    { 0x1D7C0, 5830, 1 },
    { 0x1D7C1, 5831, 1 },
    { 0x1D7C2, 5832, 1 },
    { 0x1D7C3, 5833, 1 },
    { 0x1D7C4, 5834, 1 },
    { 0x1D7C5, 5835, 1 },
    { 0x1D7C6, 5836, 1 },
    { 0x1D7C7, 5837, 1 },
    { 0x1D7C8, 5838, 1 },
    { 0x1D7C9, 5839, 1 },
    { 0x1D7CA, 5840, 1 },
    { 0x1D7CB, 5841, 1 },
    { 0x1D7CE, 5842, 1 },
    { 0x1D7CF, 5843, 1 },
    { 0x1D7D0, 5844, 1 },
    { 0x1D7D1, 5845, 1 },
    { 0x1D7D2, 5846, 1 },
    { 0x1D7D3, 5847, 1 },
    { 0x1D7D4, 5848, 1 },
    { 0x1D7D5, 5849, 1 },
    { 0x1D7D6, 5850, 1 },
    { 0x1D7D7, 5851, 1 },
    { 0x1D7D8, 5852, 1 },
    { 0x1D7D9, 5853, 1 },
    { 0x1D7DA, 5854, 1 },
    { 0x1D7DB, 5855, 1 },
    { 0x1D7DC, 5856, 1 },
    { 0x1D7DD, 5857, 1 },
    { 0x1D7DE, 5858, 1 },
    { 0x1D7DF, 5859, 1 },
    { 0x1D7E0, 5860, 1 },
    { 0x1D7E1, 5861, 1 },
    { 0x1D7E2, 5862, 1 },
    { 0x1D7E3, 5863, 1 },
    { 0x1D7E4, 5864, 1 },
    { 0x1D7E5, 5865, 1 },
    { 0x1D7E6, 5866, 1 },
    { 0x1D7E7, 5867, 1 },
    { 0x1D7E8, 5868, 1 },
    { 0x1D7E9, 5869, 1 },
    { 0x1D7EA, 5870, 1 },
    { 0x1D7EB, 5871, 1 },
    { 0x1D7EC, 5872, 1 },
    { 0x1D7ED, 5873, 1 },
    { 0x1D7EE, 5874, 1 },
    { 0x1D7EF, 5875, 1 },
    { 0x1D7F0, 5876, 1 },
    { 0x1D7F1, 5877, 1 },
    { 0x1D7F2, 5878, 1 },
    { 0x1D7F3, 5879, 1 },
    { 0x1D7F4, 5880, 1 },
    { 0x1D7F5, 5881, 1 },
    { 0x1D7F6, 5882, 1 },
    { 0x1D7F7, 5883, 1 },
    { 0x1D7F8, 5884, 1 },
    { 0x1D7F9, 5885, 1 },
    { 0x1D7FA, 5886, 1 },
    { 0x1D7FB, 5887, 1 },
    { 0x1D7FC, 5888, 1 },
    { 0x1D7FD, 5889, 1 },
    { 0x1D7FE, 5890, 1 },
    { 0x1D7FF, 5891, 1 },
    { 0x1E030, 5892, 1 },
    { 0x1E031, 5893, 1 },
    { 0x1E032, 5894, 1 },
    { 0x1E033, 5895, 1 },
    { 0x1E034, 5896, 1 },
    { 0x1E035, 5897, 1 },
    { 0x1E036, 5898, 1 },
    { 0x1E037, 5899, 1 },
    { 0x1E038, 5900, 1 },
    { 0x1E039, 5901, 1 },
    { 0x1E03A, 5902, 1 },
    { 0x1E03B, 5903, 1 },
    { 0x1E03C, 5904, 1 },
    { 0x1E03D, 5905, 1 },
    { 0x1E03E, 5906, 1 },
    { 0x1E03F, 5907, 1 },
    { 0x1E040, 5908, 1 },
    { 0x1E041, 5909, 1 },
    { 0x1E042, 5910, 1 },
    { 0x1E043, 5911, 1 },
    { 0x1E044, 5912, 1 },
    { 0x1E045, 5913, 1 },
    { 0x1E046, 5914, 1 },
    { 0x1E047, 5915, 1 },
    { 0x1E048, 5916, 1 },
    { 0x1E049, 5917, 1 },
    { 0x1E04A, 5918, 1 },
    { 0x1E04B, 5919, 1 },
    { 0x1E04C, 5920, 1 },
    { 0x1E04D, 5921, 1 },
    { 0x1E04E, 5922, 1 },
    { 0x1E04F, 5923, 1 },
    { 0x1E050, 5924, 1 },
    { 0x1E051, 5925, 1 },
    { 0x1E052, 5926, 1 },
    { 0x1E053, 5927, 1 },
    { 0x1E054, 5928, 1 },
    { 0x1E055, 5929, 1 },
    { 0x1E056, 5930, 1 },
    { 0x1E057, 5931, 1 },
    { 0x1E058, 5932, 1 },
    { 0x1E059, 5933, 1 },
    { 0x1E05A, 5934, 1 },
    { 0x1E05B, 5935, 1 },
    { 0x1E05C, 5936, 1 },
    { 0x1E05D, 5937, 1 },
    { 0x1E05E, 5938, 1 },
    { 0x1E05F, 5939, 1 },
    { 0x1E060, 5940, 1 },
    { 0x1E061, 5941, 1 },
    { 0x1E062, 5942, 1 },
    { 0x1E063, 5943, 1 },
    { 0x1E064, 5944, 1 },
    { 0x1E065, 5945, 1 },
    { 0x1E066, 5946, 1 },
    { 0x1E067, 5947, 1 },
    { 0x1E068, 5948, 1 },
    { 0x1E069, 5949, 1 },
    { 0x1E06A, 5950, 1 },
    { 0x1E06B, 5951, 1 },
    { 0x1E06C, 5952, 1 },
    { 0x1E06D, 5953, 1 },
    { 0x1EE00, 5954, 1 },
    { 0x1EE01, 5955, 1 },
    { 0x1EE02, 5956, 1 },
    { 0x1EE03, 5957, 1 },
    { 0x1EE05, 5958, 1 },
    { 0x1EE06, 5959, 1 },
    { 0x1EE07, 5960, 1 },
    { 0x1EE08, 5961, 1 },
    { 0x1EE09, 5962, 1 },
    { 0x1EE0A, 5963, 1 },
    { 0x1EE0B, 5964, 1 },
    { 0x1EE0C, 5965, 1 },
    { 0x1EE0D, 5966, 1 },
    { 0x1EE0E, 5967, 1 },
    { 0x1EE0F, 5968, 1 },
    { 0x1EE10, 5969, 1 },
    { 0x1EE11, 5970, 1 },
    { 0x1EE12, 5971, 1 },
    { 0x1EE13, 5972, 1 },
    { 0x1EE14, 5973, 1 },
    { 0x1EE15, 5974, 1 },
    { 0x1EE16, 5975, 1 },
    { 0x1EE17, 5976, 1 },
    { 0x1EE18, 5977, 1 },
    { 0x1EE19, 5978, 1 },
    { 0x1EE1A, 5979, 1 },
    { 0x1EE1B, 5980, 1 },
    { 0x1EE1C, 5981, 1 },
    { 0x1EE1D, 5982, 1 },
    { 0x1EE1E, 5983, 1 },
    { 0x1EE1F, 5984, 1 },
    { 0x1EE21, 5985, 1 },
    { 0x1EE22, 5986, 1 },
    { 0x1EE24, 5987, 1 },
    { 0x1EE27, 5988, 1 },
    { 0x1EE29, 5989, 1 },
    { 0x1EE2A, 5990, 1 },
    { 0x1EE2B, 5991, 1 },
    { 0x1EE2C, 5992, 1 },
    { 0x1EE2D, 5993, 1 },
    { 0x1EE2E, 5994, 1 },
    { 0x1EE2F, 5995, 1 },
    { 0x1EE30, 5996, 1 },
    { 0x1EE31, 5997, 1 },
    { 0x1EE32, 5998, 1 },
    { 0x1EE34, 5999, 1 },
    { 0x1EE35, 6000, 1 },
    { 0x1EE36, 6001, 1 },
    { 0x1EE37, 6002, 1 },
    { 0x1EE39, 6003, 1 },
    { 0x1EE3B, 6004, 1 },
    { 0x1EE42, 6005, 1 },
    { 0x1EE47, 6006, 1 },
    { 0x1EE49, 6007, 1 },
    { 0x1EE4B, 6008, 1 },
    { 0x1EE4D, 6009, 1 },
    { 0x1EE4E, 6010, 1 },
    { 0x1EE4F, 6011, 1 },
    { 0x1EE51, 6012, 1 },
    { 0x1EE52, 6013, 1 },
    { 0x1EE54, 6014, 1 },
    { 0x1EE57, 6015, 1 },
    { 0x1EE59, 6016, 1 },
    { 0x1EE5B, 6017, 1 },
    { 0x1EE5D, 6018, 1 },
    { 0x1EE5F, 6019, 1 },
    { 0x1EE61, 6020, 1 },
    { 0x1EE62, 6021, 1 },
    { 0x1EE64, 6022, 1 },
    { 0x1EE67, 6023, 1 },
    { 0x1EE68, 6024, 1 },
    { 0x1EE69, 6025, 1 },
    { 0x1EE6A, 6026, 1 },
    { 0x1EE6C, 6027, 1 },
    { 0x1EE6D, 6028, 1 },
    { 0x1EE6E, 6029, 1 },
    { 0x1EE6F, 6030, 1 },
    { 0x1EE70, 6031, 1 },
    { 0x1EE71, 6032, 1 },
    { 0x1EE72, 6033, 1 },
    { 0x1EE74, 6034, 1 },
    { 0x1EE75, 6035, 1 },
    { 0x1EE76, 6036, 1 },
    { 0x1EE77, 6037, 1 },
    { 0x1EE79, 6038, 1 },
    { 0x1EE7A, 6039, 1 },
    { 0x1EE7B, 6040, 1 },
    { 0x1EE7C, 6041, 1 },
    { 0x1EE7E, 6042, 1 },
    { 0x1EE80, 6043, 1 },
    { 0x1EE81, 6044, 1 },
    { 0x1EE82, 6045, 1 },
    { 0x1EE83, 6046, 1 },
    { 0x1EE84, 6047, 1 },
    { 0x1EE85, 6048, 1 },
    { 0x1EE86, 6049, 1 },
    { 0x1EE87, 6050, 1 },
    { 0x1EE88, 6051, 1 },
    { 0x1EE89, 6052, 1 },
    { 0x1EE8B, 6053, 1 },
    { 0x1EE8C, 6054, 1 },
    { 0x1EE8D, 6055, 1 },
    { 0x1EE8E, 6056, 1 },
    { 0x1EE8F, 6057, 1 },
    { 0x1EE90, 6058, 1 },
    { 0x1EE91, 6059, 1 },
    { 0x1EE92, 6060, 1 },
    { 0x1EE93, 6061, 1 },
    { 0x1EE94, 6062, 1 },
    { 0x1EE95, 6063, 1 },
    { 0x1EE96, 6064, 1 },
    { 0x1EE97, 6065, 1 },
    { 0x1EE98, 6066, 1 },
    { 0x1EE99, 6067, 1 },
    { 0x1EE9A, 6068, 1 },
    { 0x1EE9B, 6069, 1 },
    { 0x1EEA1, 6070, 1 },
    { 0x1EEA2, 6071, 1 },
    { 0x1EEA3, 6072, 1 },
    { 0x1EEA5, 6073, 1 },
    { 0x1EEA6, 6074, 1 },
    { 0x1EEA7, 6075, 1 },
    { 0x1EEA8, 6076, 1 },
    { 0x1EEA9, 6077, 1 },
    { 0x1EEAB, 6078, 1 },
    { 0x1EEAC, 6079, 1 },
    { 0x1EEAD, 6080, 1 },
    { 0x1EEAE, 6081, 1 },
    { 0x1EEAF, 6082, 1 },
    { 0x1EEB0, 6083, 1 },
    { 0x1EEB1, 6084, 1 },
    { 0x1EEB2, 6085, 1 },
    { 0x1EEB3, 6086, 1 },
    { 0x1EEB4, 6087, 1 },
    { 0x1EEB5, 6088, 1 },
    { 0x1EEB6, 6089, 1 },
    { 0x1EEB7, 6090, 1 },
    { 0x1EEB8, 6091, 1 },
    { 0x1EEB9, 6092, 1 },
    { 0x1EEBA, 6093, 1 },
    { 0x1EEBB, 6094, 1 },
    { 0x1F100, 6095, 2 },
    { 0x1F101, 6097, 2 },
    { 0x1F102, 6099, 2 },
    { 0x1F103, 6101, 2 },
    { 0x1F104, 6103, 2 },
    { 0x1F105, 6105, 2 },
    { 0x1F106, 6107, 2 },
    { 0x1F107, 6109, 2 },
    { 0x1F108, 6111, 2 },
    { 0x1F109, 6113, 2 },
    { 0x1F10A, 6115, 2 },
    { 0x1F110, 6117, 3 },
    { 0x1F111, 6120, 3 },
    { 0x1F112, 6123, 3 },
    { 0x1F113, 6126, 3 },
    { 0x1F114, 6129, 3 },
    { 0x1F115, 6132, 3 },
    { 0x1F116, 6135, 3 },
    { 0x1F117, 6138, 3 },
    { 0x1F118, 6141, 3 },
    { 0x1F119, 6144, 3 },
    { 0x1F11A, 6147, 3 },
    { 0x1F11B, 6150, 3 },
    { 0x1F11C, 6153, 3 },
    { 0x1F11D, 6156, 3 },
    { 0x1F11E, 6159, 3 },
    { 0x1F11F, 6162, 3 },
    { 0x1F120, 6165, 3 },
    { 0x1F121, 6168, 3 },
    { 0x1F122, 6171, 3 },
    { 0x1F123, 6174, 3 },
    { 0x1F124, 6177, 3 },
    { 0x1F125, 6180, 3 },
    { 0x1F126, 6183, 3 },
    { 0x1F127, 6186, 3 },
    { 0x1F128, 6189, 3 },
    { 0x1F129, 6192, 3 },
    { 0x1F12A, 6195, 3 },
    { 0x1F12B, 6198, 1 },
    { 0x1F12C, 6199, 1 },
    { 0x1F12D, 6200, 2 },
    { 0x1F12E, 6202, 2 },
    { 0x1F130, 6204, 1 },
    { 0x1F131, 6205, 1 },
    { 0x1F132, 6206, 1 },
    { 0x1F133, 6207, 1 },
    { 0x1F134, 6208, 1 },
    { 0x1F135, 6209, 1 },
    { 0x1F136, 6210, 1 },
    { 0x1F137, 6211, 1 },
    { 0x1F138, 6212, 1 },
    { 0x1F139, 6213, 1 },
    { 0x1F13A, 6214, 1 },
    { 0x1F13B, 6215, 1 },
    { 0x1F13C, 6216, 1 },
    { 0x1F13D, 6217, 1 },
    { 0x1F13E, 6218, 1 },
    { 0x1F13F, 6219, 1 },
    { 0x1F140, 6220, 1 },
    { 0x1F141, 6221, 1 },
    { 0x1F142, 6222, 1 },
    { 0x1F143, 6223, 1 },
    { 0x1F144, 6224, 1 },
    { 0x1F145, 6225, 1 },
    { 0x1F146, 6226, 1 },
    { 0x1F147, 6227, 1 },
    { 0x1F148, 6228, 1 },
    { 0x1F149, 6229, 1 },
    { 0x1F14A, 6230, 2 },
    { 0x1F14B, 6232, 2 },
    { 0x1F14C, 6234, 2 },
    { 0x1F14D, 6236, 2 },
    { 0x1F14E, 6238, 3 },
    { 0x1F14F, 6241, 2 },
    { 0x1F16A, 6243, 2 },
    { 0x1F16B, 6245, 2 },
    { 0x1F16C, 6247, 2 },
    { 0x1F190, 6249, 2 },
    { 0x1F200, 6251, 2 },
    { 0x1F201, 6253, 2 },
    { 0x1F202, 6255, 1 },
    { 0x1F210, 6256, 1 },
    { 0x1F211, 6257, 1 },
    { 0x1F212, 6258, 1 },
    { 0x1F213, 6259, 1 },
    { 0x1F214, 6260, 1 },
    { 0x1F215, 6261, 1 },
    { 0x1F216, 6262, 1 },
    { 0x1F217, 6263, 1 },
    { 0x1F218, 6264, 1 },
    { 0x1F219, 6265, 1 },
    { 0x1F21A, 6266, 1 },
    { 0x1F21B, 6267, 1 },
    { 0x1F21C, 6268, 1 },
    { 0x1F21D, 6269, 1 },
    { 0x1F21E, 6270, 1 },
    { 0x1F21F, 6271, 1 },
    { 0x1F220, 6272, 1 },
    { 0x1F221, 6273, 1 },
    { 0x1F222, 6274, 1 },
    { 0x1F223, 6275, 1 },
    { 0x1F224, 6276, 1 },
    { 0x1F225, 6277, 1 },
    { 0x1F226, 6278, 1 },
    { 0x1F227, 6279, 1 },
    { 0x1F228, 6280, 1 },
    { 0x1F229, 6281, 1 },
    { 0x1F22A, 6282, 1 },
    { 0x1F22B, 6283, 1 },
    { 0x1F22C, 6284, 1 },
    { 0x1F22D, 6285, 1 },
    { 0x1F22E, 6286, 1 },
    { 0x1F22F, 6287, 1 },
    { 0x1F230, 6288, 1 },
    { 0x1F231, 6289, 1 },
    { 0x1F232, 6290, 1 },
    { 0x1F233, 6291, 1 },
    { 0x1F234, 6292, 1 },
    { 0x1F235, 6293, 1 },
    { 0x1F236, 6294, 1 },
    { 0x1F237, 6295, 1 },
    { 0x1F238, 6296, 1 },
    { 0x1F239, 6297, 1 },
    { 0x1F23A, 6298, 1 },
    { 0x1F23B, 6299, 1 },
    { 0x1F240, 6300, 3 },
    { 0x1F241, 6303, 3 },
    { 0x1F242, 6306, 3 },
    { 0x1F243, 6309, 3 },
    { 0x1F244, 6312, 3 },
    { 0x1F245, 6315, 3 },
    { 0x1F246, 6318, 3 },
    { 0x1F247, 6321, 3 },
    { 0x1F248, 6324, 3 },
    { 0x1F250, 6327, 1 },
    { 0x1F251, 6328, 1 },
    { 0x1FBF0, 6329, 1 },
    { 0x1FBF1, 6330, 1 },
    { 0x1FBF2, 6331, 1 },
    { 0x1FBF3, 6332, 1 },
    { 0x1FBF4, 6333, 1 },
    { 0x1FBF5, 6334, 1 },
    { 0x1FBF6, 6335, 1 },
    { 0x1FBF7, 6336, 1 },
    { 0x1FBF8, 6337, 1 },
    { 0x1FBF9, 6338, 1 },
    { 0x2F800, 6339, 1 },
    { 0x2F801, 6340, 1 },
    { 0x2F802, 6341, 1 },
    { 0x2F803, 6342, 2 },
    { 0x2F804, 6344, 1 },
    { 0x2F805, 6345, 1 },
    { 0x2F806, 6346, 1 },
    { 0x2F807, 6347, 1 },
    { 0x2F808, 6348, 1 },
    { 0x2F809, 6349, 1 },
    { 0x2F80A, 6350, 1 },
    { 0x2F80B, 6351, 1 },
    { 0x2F80C, 6352, 1 },
    { 0x2F80D, 6353, 2 },
    { 0x2F80E, 6355, 1 },
    { 0x2F80F, 6356, 1 },
    { 0x2F810, 6357, 1 },
    { 0x2F811, 6358, 1 },
    { 0x2F812, 6359, 2 },
    { 0x2F813, 6361, 1 },
    { 0x2F814, 6362, 1 },
    { 0x2F815, 6363, 1 },
    { 0x2F816, 6364, 2 },
    { 0x2F817, 6366, 1 },
    { 0x2F818, 6367, 1 },
    { 0x2F819, 6368, 1 },
    { 0x2F81A, 6369, 1 },
    { 0x2F81B, 6370, 1 },
    { 0x2F81C, 6371, 2 },
    { 0x2F81D, 6373, 1 },
    { 0x2F81E, 6374, 1 },
    { 0x2F81F, 6375, 1 },
    { 0x2F820, 6376, 1 },
    { 0x2F821, 6377, 1 },
    { 0x2F822, 6378, 1 },
    { 0x2F823, 6379, 1 },
    { 0x2F824, 6380, 1 },
    { 0x2F825, 6381, 1 },
    { 0x2F826, 6382, 1 },
    { 0x2F827, 6383, 1 },
    { 0x2F828, 6384, 1 },
    { 0x2F829, 6385, 1 },
    { 0x2F82A, 6386, 1 },
    { 0x2F82B, 6387, 1 },
    { 0x2F82C, 6388, 1 },
    { 0x2F82D, 6389, 1 },
    { 0x2F82E, 6390, 1 },
    { 0x2F82F, 6391, 1 },
    { 0x2F830, 6392, 1 },
    { 0x2F831, 6393, 1 },
    { 0x2F832, 6394, 1 },
    { 0x2F833, 6395, 1 },
    { 0x2F834, 6396, 2 },
    { 0x2F835, 6398, 1 },
    { 0x2F836, 6399, 1 },
    { 0x2F837, 6400, 1 },
    { 0x2F838, 6401, 2 },
    { 0x2F839, 6403, 1 },
    { 0x2F83A, 6404, 1 },
    { 0x2F83B, 6405, 1 },
    { 0x2F83C, 6406, 1 },
    { 0x2F83D, 6407, 1 },
    { 0x2F83E, 6408, 1 },
    { 0x2F83F, 6409, 1 },
    { 0x2F840, 6410, 1 },
    { 0x2F841, 6411, 1 },
    { 0x2F842, 6412, 1 },
    { 0x2F843, 6413, 1 },
    { 0x2F844, 6414, 1 },
    { 0x2F845, 6415, 1 },
    { 0x2F846, 6416, 1 },
    { 0x2F847, 6417, 1 },
    { 0x2F848, 6418, 1 },
    { 0x2F849, 6419, 1 },
    { 0x2F84A, 6420, 1 },
    { 0x2F84B, 6421, 1 },
    { 0x2F84C, 6422, 1 },
    { 0x2F84D, 6423, 1 },
    { 0x2F84E, 6424, 1 },
    { 0x2F84F, 6425, 1 },
    { 0x2F850, 6426, 1 },
    { 0x2F851, 6427, 1 },
    { 0x2F852, 6428, 1 },
    { 0x2F853, 6429, 1 },
    { 0x2F854, 6430, 1 },
    { 0x2F855, 6431, 1 },
    { 0x2F856, 6432, 1 },
    { 0x2F857, 6433, 1 },
    { 0x2F858, 6434, 1 },
    { 0x2F859, 6435, 2 },
    { 0x2F85A, 6437, 1 },
    { 0x2F85B, 6438, 1 },
    { 0x2F85C, 6439, 1 },
    { 0x2F85D, 6440, 1 },
    { 0x2F85E, 6441, 1 },
    { 0x2F85F, 6442, 1 },
    { 0x2F860, 6443, 2 },
    { 0x2F861, 6445, 2 },
    { 0x2F862, 6447, 1 },
    { 0x2F863, 6448, 1 },
    { 0x2F864, 6449, 1 },
    { 0x2F865, 6450, 1 },
    { 0x2F866, 6451, 1 },
    { 0x2F867, 6452, 1 },
    { 0x2F868, 6453, 1 },
    { 0x2F869, 6454, 1 },
    { 0x2F86A, 6455, 1 },
    { 0x2F86B, 6456, 1 },
    { 0x2F86C, 6457, 2 },
    { 0x2F86D, 6459, 1 },
    { 0x2F86E, 6460, 1 },
    { 0x2F86F, 6461, 1 },
    { 0x2F870, 6462, 1 },
    { 0x2F871, 6463, 2 },
    { 0x2F872, 6465, 1 },
    { 0x2F873, 6466, 1 },
    { 0x2F874, 6467, 1 },
    { 0x2F875, 6468, 1 },
    { 0x2F876, 6469, 1 },
    { 0x2F877, 6470, 1 },
    { 0x2F878, 6471, 1 },
    { 0x2F879, 6472, 1 },
    { 0x2F87A, 6473, 1 },
    { 0x2F87B, 6474, 2 },
    { 0x2F87C, 6476, 1 },
    { 0x2F87D, 6477, 2 },
    { 0x2F87E, 6479, 1 },
    { 0x2F87F, 6480, 1 },
    { 0x2F880, 6481, 1 },
    { 0x2F881, 6482, 1 },
    { 0x2F882, 6483, 1 },
    { 0x2F883, 6484, 1 },
    { 0x2F884, 6485, 1 },
    { 0x2F885, 6486, 1 },
    { 0x2F886, 6487, 1 },
    { 0x2F887, 6488, 1 },
    { 0x2F888, 6489, 1 },
    { 0x2F889, 6490, 2 },
    { 0x2F88A, 6492, 1 },
    { 0x2F88B, 6493, 1 },
    { 0x2F88C, 6494, 1 },
    { 0x2F88D, 6495, 1 },
    { 0x2F88E, 6496, 1 },
    { 0x2F88F, 6497, 2 },
    { 0x2F890, 6499, 1 },
    { 0x2F891, 6500, 2 },
    { 0x2F892, 6502, 2 },
    { 0x2F893, 6504, 1 },
    { 0x2F894, 6505, 1 },
    { 0x2F895, 6506, 1 },
    { 0x2F896, 6507, 1 },
    { 0x2F897, 6508, 2 },
    { 0x2F898, 6510, 2 },
    { 0x2F899, 6512, 1 },
    { 0x2F89A, 6513, 1 },
    { 0x2F89B, 6514, 1 },
    { 0x2F89C, 6515, 1 },
    { 0x2F89D, 6516, 1 },
    { 0x2F89E, 6517, 1 },
    { 0x2F89F, 6518, 1 },
    { 0x2F8A0, 6519, 1 },
    { 0x2F8A1, 6520, 1 },
    { 0x2F8A2, 6521, 1 },
    { 0x2F8A3, 6522, 1 },
    { 0x2F8A4, 6523, 2 },
    { 0x2F8A5, 6525, 1 },
    { 0x2F8A6, 6526, 1 },
    { 0x2F8A7, 6527, 1 },
    { 0x2F8A8, 6528, 1 },
    { 0x2F8A9, 6529, 1 },
    { 0x2F8AA, 6530, 1 },
    { 0x2F8AB, 6531, 1 },
    { 0x2F8AC, 6532, 1 },
    { 0x2F8AD, 6533, 1 },
    { 0x2F8AE, 6534, 1 },
    { 0x2F8AF, 6535, 1 },
    { 0x2F8B0, 6536, 1 },
    { 0x2F8B1, 6537, 1 },
    { 0x2F8B2, 6538, 1 },
    { 0x2F8B3, 6539, 1 },
    { 0x2F8B4, 6540, 1 },
    { 0x2F8B5, 6541, 1 },
    { 0x2F8B6, 6542, 1 },
    { 0x2F8B7, 6543, 1 },
    { 0x2F8B8, 6544, 2 },
    { 0x2F8B9, 6546, 1 },
    { 0x2F8BA, 6547, 1 },
    { 0x2F8BB, 6548, 1 },
    { 0x2F8BC, 6549, 1 },
    { 0x2F8BD, 6550, 1 },
    { 0x2F8BE, 6551, 2 },
    { 0x2F8BF, 6553, 1 },
    { 0x2F8C0, 6554, 1 },
    { 0x2F8C1, 6555, 1 },
    { 0x2F8C2, 6556, 1 },
    { 0x2F8C3, 6557, 1 },
    { 0x2F8C4, 6558, 1 },
    { 0x2F8C5, 6559, 1 },
    { 0x2F8C6, 6560, 1 },
    { 0x2F8C7, 6561, 1 },
    { 0x2F8C8, 6562, 1 },
    { 0x2F8C9, 6563, 1 },
    { 0x2F8CA, 6564, 2 },
    { 0x2F8CB, 6566, 1 },
    { 0x2F8CC, 6567, 1 },
    { 0x2F8CD, 6568, 1 },
    { 0x2F8CE, 6569, 1 },
    { 0x2F8CF, 6570, 1 },
    { 0x2F8D0, 6571, 1 },
    { 0x2F8D1, 6572, 1 },
    { 0x2F8D2, 6573, 1 },
    { 0x2F8D3, 6574, 1 },
    { 0x2F8D4, 6575, 1 },
    { 0x2F8D5, 6576, 1 },
    { 0x2F8D6, 6577, 1 },
    { 0x2F8D7, 6578, 1 },
    { 0x2F8D8, 6579, 1 },
    { 0x2F8D9, 6580, 1 },
    { 0x2F8DA, 6581, 1 },
    { 0x2F8DB, 6582, 1 },
    { 0x2F8DC, 6583, 1 },
    { 0x2F8DD, 6584, 2 },
    { 0x2F8DE, 6586, 1 },
    { 0x2F8DF, 6587, 1 },
    { 0x2F8E0, 6588, 1 },
    { 0x2F8E1, 6589, 1 },
    { 0x2F8E2, 6590, 1 },
    { 0x2F8E3, 6591, 2 },
    { 0x2F8E4, 6593, 1 },
    { 0x2F8E5, 6594, 1 },
    { 0x2F8E6, 6595, 1 },
    { 0x2F8E7, 6596, 1 },
    { 0x2F8E8, 6597, 1 },
    { 0x2F8E9, 6598, 1 },
    { 0x2F8EA, 6599, 1 },
    { 0x2F8EB, 6600, 1 },
    { 0x2F8EC, 6601, 2 },
    { 0x2F8ED, 6603, 1 },
    { 0x2F8EE, 6604, 1 },
    { 0x2F8EF, 6605, 1 },
    { 0x2F8F0, 6606, 2 },
    { 0x2F8F1, 6608, 1 },
    { 0x2F8F2, 6609, 1 },
    { 0x2F8F3, 6610, 1 },
    { 0x2F8F4, 6611, 1 },
    { 0x2F8F5, 6612, 1 },
    { 0x2F8F6, 6613, 1 },
    { 0x2F8F7, 6614, 2 },
    { 0x2F8F8, 6616, 2 },
    { 0x2F8F9, 6618, 2 },
    { 0x2F8FA, 6620, 1 },
    { 0x2F8FB, 6621, 2 },
    { 0x2F8FC, 6623, 1 },
    { 0x2F8FD, 6624, 1 },
    { 0x2F8FE, 6625, 1 },
    { 0x2F8FF, 6626, 1 },
    { 0x2F900, 6627, 1 },
    { 0x2F901, 6628, 1 },
    { 0x2F902, 6629, 1 },
    { 0x2F903, 6630, 1 },
    { 0x2F904, 6631, 1 },
    { 0x2F905, 6632, 1 },
    { 0x2F906, 6633, 2 },
    { 0x2F907, 6635, 1 },
    { 0x2F908, 6636, 1 },
    { 0x2F909, 6637, 1 },
    { 0x2F90A, 6638, 1 },
    { 0x2F90B, 6639, 1 },
    { 0x2F90C, 6640, 1 },
    { 0x2F90D, 6641, 2 },
    { 0x2F90E, 6643, 1 },
    { 0x2F90F, 6644, 1 },
    { 0x2F910, 6645, 2 },
    { 0x2F911, 6647, 2 },
    { 0x2F912, 6649, 1 },
    { 0x2F913, 6650, 1 },
    { 0x2F914, 6651, 1 },
    { 0x2F915, 6652, 1 },
    { 0x2F916, 6653, 1 },
    { 0x2F917, 6654, 1 },
    { 0x2F918, 6655, 1 },
    { 0x2F919, 6656, 1 },
    { 0x2F91A, 6657, 1 },
    { 0x2F91B, 6658, 2 },
    { 0x2F91C, 6660, 1 },
    { 0x2F91D, 6661, 2 },
    { 0x2F91E, 6663, 1 },
    { 0x2F91F, 6664, 2 },
    { 0x2F920, 6666, 1 },
    { 0x2F921, 6667, 1 },
    { 0x2F922, 6668, 1 },
    { 0x2F923, 6669, 2 },
    { 0x2F924, 6671, 1 },
    { 0x2F925, 6672, 1 },
    { 0x2F926, 6673, 2 },
    { 0x2F927, 6675, 2 },
    { 0x2F928, 6677, 1 },
    { 0x2F929, 6678, 1 },
    { 0x2F92A, 6679, 1 },
    { 0x2F92B, 6680, 1 },
    { 0x2F92C, 6681, 1 },
    { 0x2F92D, 6682, 1 },
    { 0x2F92E, 6683, 1 },
    { 0x2F92F, 6684, 1 },
    { 0x2F930, 6685, 1 },
    { 0x2F931, 6686, 1 },
    { 0x2F932, 6687, 1 },
    { 0x2F933, 6688, 1 },
    { 0x2F934, 6689, 1 },
    { 0x2F935, 6690, 2 },
    { 0x2F936, 6692, 1 },
    { 0x2F937, 6693, 2 },
    { 0x2F938, 6695, 1 },
    { 0x2F939, 6696, 2 },
    { 0x2F93A, 6698, 1 },
    { 0x2F93B, 6699, 2 },
    { 0x2F93C, 6701, 2 },
    { 0x2F93D, 6703, 2 },
    { 0x2F93E, 6705, 1 },
    { 0x2F93F, 6706, 1 },
    { 0x2F940, 6707, 1 },
    { 0x2F941, 6708, 2 },
    { 0x2F942, 6710, 2 },
    { 0x2F943, 6712, 2 },
    { 0x2F944, 6714, 2 },
    { 0x2F945, 6716, 1 },
    { 0x2F946, 6717, 1 },
    { 0x2F947, 6718, 1 },
    { 0x2F948, 6719, 1 },
    { 0x2F949, 6720, 1 },
    { 0x2F94A, 6721, 1 },
    { 0x2F94B, 6722, 1 },
    { 0x2F94C, 6723, 1 },
    { 0x2F94D, 6724, 2 },
    { 0x2F94E, 6726, 1 },
    { 0x2F94F, 6727, 1 },
    { 0x2F950, 6728, 1 },
    { 0x2F951, 6729, 1 },
    { 0x2F952, 6730, 2 },
    { 0x2F953, 6732, 1 },
    { 0x2F954, 6733, 2 },
    { 0x2F955, 6735, 2 },
    { 0x2F956, 6737, 1 },
    { 0x2F957, 6738, 1 },
    { 0x2F958, 6739, 1 },
    { 0x2F959, 6740, 1 },
    { 0x2F95A, 6741, 1 },
    { 0x2F95B, 6742, 1 },
    { 0x2F95C, 6743, 2 },
    { 0x2F95D, 6745, 2 },
    { 0x2F95E, 6747, 2 },
    { 0x2F95F, 6749, 1 },
    { 0x2F960, 6750, 1 },
    { 0x2F961, 6751, 2 },
    { 0x2F962, 6753, 1 },
    { 0x2F963, 6754, 1 },
    { 0x2F964, 6755, 1 },
    { 0x2F965, 6756, 2 },
    { 0x2F966, 6758, 1 },
    { 0x2F967, 6759, 1 },
    { 0x2F968, 6760, 1 },
    { 0x2F969, 6761, 1 },
    { 0x2F96A, 6762, 1 },
    { 0x2F96B, 6763, 2 },
    { 0x2F96C, 6765, 1 },
    { 0x2F96D, 6766, 1 },
    { 0x2F96E, 6767, 1 },
    { 0x2F96F, 6768, 1 },
    { 0x2F970, 6769, 1 },
    { 0x2F971, 6770, 1 },
    { 0x2F972, 6771, 2 },
    { 0x2F973, 6773, 2 },
    { 0x2F974, 6775, 1 },
    { 0x2F975, 6776, 2 },
    { 0x2F976, 6778, 1 },
    { 0x2F977, 6779, 2 },
    { 0x2F978, 6781, 1 },
    { 0x2F979, 6782, 1 },
    { 0x2F97A, 6783, 1 },
    { 0x2F97B, 6784, 2 },
    { 0x2F97C, 6786, 2 },
    { 0x2F97D, 6788, 1 },
    { 0x2F97E, 6789, 2 },
    { 0x2F97F, 6791, 1 },
    { 0x2F980, 6792, 2 },
    { 0x2F981, 6794, 1 },
    { 0x2F982, 6795, 1 },
    { 0x2F983, 6796, 1 },
    { 0x2F984, 6797, 1 },
    { 0x2F985, 6798, 1 },
    { 0x2F986, 6799, 1 },
    { 0x2F987, 6800, 2 },
    { 0x2F988, 6802, 2 },
    { 0x2F989, 6804, 2 },
    { 0x2F98A, 6806, 2 },
    { 0x2F98B, 6808, 1 },
    { 0x2F98C, 6809, 1 },
    { 0x2F98D, 6810, 1 },
    { 0x2F98E, 6811, 1 },
    { 0x2F98F, 6812, 1 },
    { 0x2F990, 6813, 1 },
    { 0x2F991, 6814, 1 },
    { 0x2F992, 6815, 1 },
    { 0x2F993, 6816, 1 },
    { 0x2F994, 6817, 1 },
    { 0x2F995, 6818, 1 },
    { 0x2F996, 6819, 1 },
    { 0x2F997, 6820, 2 },
    { 0x2F998, 6822, 1 },
    { 0x2F999, 6823, 1 },
    { 0x2F99A, 6824, 1 },
    { 0x2F99B, 6825, 1 },
    { 0x2F99C, 6826, 1 },
    { 0x2F99D, 6827, 1 },
    { 0x2F99E, 6828, 1 },
    { 0x2F99F, 6829, 1 },
    { 0x2F9A0, 6830, 1 },
    { 0x2F9A1, 6831, 1 },
    { 0x2F9A2, 6832, 1 },
    { 0x2F9A3, 6833, 1 },
    { 0x2F9A4, 6834, 2 },
    { 0x2F9A5, 6836, 2 },
    { 0x2F9A6, 6838, 2 },
    { 0x2F9A7, 6840, 1 },
    { 0x2F9A8, 6841, 1 },
    { 0x2F9A9, 6842, 1 },
    { 0x2F9AA, 6843, 1 },
    { 0x2F9AB, 6844, 2 },
    { 0x2F9AC, 6846, 1 },
    { 0x2F9AD, 6847, 2 },
    { 0x2F9AE, 6849, 1 },
    { 0x2F9AF, 6850, 1 },
    { 0x2F9B0, 6851, 2 },
    { 0x2F9B1, 6853, 2 },
    { 0x2F9B2, 6855, 1 },
    { 0x2F9B3, 6856, 1 },
    { 0x2F9B4, 6857, 1 },
    { 0x2F9B5, 6858, 1 },
    { 0x2F9B6, 6859, 1 },
    { 0x2F9B7, 6860, 1 },
    { 0x2F9B8, 6861, 1 },
    { 0x2F9B9, 6862, 1 },
    { 0x2F9BA, 6863, 1 },
    { 0x2F9BB, 6864, 1 },
    { 0x2F9BC, 6865, 1 },
    { 0x2F9BD, 6866, 1 },
    { 0x2F9BE, 6867, 1 },
    { 0x2F9BF, 6868, 1 },
    { 0x2F9C0, 6869, 1 },
    { 0x2F9C1, 6870, 1 },
    { 0x2F9C2, 6871, 1 },
    { 0x2F9C3, 6872, 1 },
    { 0x2F9C4, 6873, 1 },
    { 0x2F9C5, 6874, 2 },
    { 0x2F9C6, 6876, 1 },
    { 0x2F9C7, 6877, 1 },
    { 0x2F9C8, 6878, 1 },
    { 0x2F9C9, 6879, 1 },
    { 0x2F9CA, 6880, 1 },
    { 0x2F9CB, 6881, 2 },
    { 0x2F9CC, 6883, 2 },
    { 0x2F9CD, 6885, 1 },
    { 0x2F9CE, 6886, 1 },
    { 0x2F9CF, 6887, 1 },
    { 0x2F9D0, 6888, 1 },
    { 0x2F9D1, 6889, 1 },
    { 0x2F9D2, 6890, 1 },
    { 0x2F9D3, 6891, 2 },
    { 0x2F9D4, 6893, 1 },
    { 0x2F9D5, 6894, 1 },
    { 0x2F9D6, 6895, 1 },
    { 0x2F9D7, 6896, 1 },
    { 0x2F9D8, 6897, 2 },
    { 0x2F9D9, 6899, 2 },
    { 0x2F9DA, 6901, 1 },
    { 0x2F9DB, 6902, 1 },
    { 0x2F9DC, 6903, 1 },
    { 0x2F9DD, 6904, 2 },
    { 0x2F9DE, 6906, 1 },
    { 0x2F9DF, 6907, 1 },
    { 0x2F9E0, 6908, 2 },
    { 0x2F9E1, 6910, 2 },
    { 0x2F9E2, 6912, 1 },
    { 0x2F9E3, 6913, 1 },
    { 0x2F9E4, 6914, 1 },
    { 0x2F9E5, 6915, 2 },
    { 0x2F9E6, 6917, 1 },
    { 0x2F9E7, 6918, 1 },
    { 0x2F9E8, 6919, 1 },
    { 0x2F9E9, 6920, 1 },
    { 0x2F9EA, 6921, 1 },
    { 0x2F9EB, 6922, 1 },
    { 0x2F9EC, 6923, 1 },
    { 0x2F9ED, 6924, 2 },
    { 0x2F9EE, 6926, 1 },
    { 0x2F9EF, 6927, 1 },
    { 0x2F9F0, 6928, 1 },
    { 0x2F9F1, 6929, 2 },
    { 0x2F9F2, 6931, 1 },
    { 0x2F9F3, 6932, 1 },
    { 0x2F9F4, 6933, 1 },
    { 0x2F9F5, 6934, 1 },
    { 0x2F9F6, 6935, 2 },
    { 0x2F9F7, 6937, 2 },
    { 0x2F9F8, 6939, 1 },
    { 0x2F9F9, 6940, 1 },
    { 0x2F9FA, 6941, 1 },
    { 0x2F9FB, 6942, 2 },
    { 0x2F9FC, 6944, 1 },
    { 0x2F9FD, 6945, 2 },
    { 0x2F9FE, 6947, 1 },
    { 0x2F9FF, 6948, 1 },
    { 0x2FA00, 6949, 1 },
    { 0x2FA01, 6950, 2 },
    { 0x2FA02, 6952, 1 },
    { 0x2FA03, 6953, 1 },
    { 0x2FA04, 6954, 1 },
    { 0x2FA05, 6955, 1 },
    { 0x2FA06, 6956, 1 },
    { 0x2FA07, 6957, 1 },
    { 0x2FA08, 6958, 1 },
    { 0x2FA09, 6959, 2 },
    { 0x2FA0A, 6961, 1 },
    { 0x2FA0B, 6962, 1 },
    { 0x2FA0C, 6963, 1 },
    { 0x2FA0D, 6964, 1 },
    { 0x2FA0E, 6965, 1 },
    { 0x2FA0F, 6966, 1 },
    { 0x2FA10, 6967, 2 },
    { 0x2FA11, 6969, 1 },
    { 0x2FA12, 6970, 2 },
    { 0x2FA13, 6972, 2 },
    { 0x2FA14, 6974, 2 },
    { 0x2FA15, 6976, 1 },
    { 0x2FA16, 6977, 1 },
    { 0x2FA17, 6978, 1 },
    { 0x2FA18, 6979, 1 },
    { 0x2FA19, 6980, 1 },
    { 0x2FA1A, 6981, 1 },
    { 0x2FA1B, 6982, 1 },
    { 0x2FA1C, 6983, 1 },
    { 0x2FA1D, 6984, 2 },
};

const size_t kl_norm_table_len = 4965;

/* Stripped outright, before the homoglyph pass. */
const uint16_t kl_zero_width[5] = { 0x200B, 0x200C, 0x200D, 0x2060, 0xFEFF };
const size_t kl_zero_width_len = 5;

/* Greek and Cyrillic letters that look Latin. Applied last, as in the JS. */
const kl_homoglyph kl_homoglyph_table[28] = {
    { 0x0391, 'A' },
    { 0x0392, 'B' },
    { 0x0395, 'E' },
    { 0x0396, 'Z' },
    { 0x0397, 'H' },
    { 0x0399, 'I' },
    { 0x039A, 'K' },
    { 0x039C, 'M' },
    { 0x039D, 'N' },
    { 0x039F, 'O' },
    { 0x03A1, 'P' },
    { 0x03A4, 'T' },
    { 0x03A5, 'Y' },
    { 0x0410, 'A' },
    { 0x0412, 'B' },
    { 0x0415, 'E' },
    { 0x041A, 'K' },
    { 0x041C, 'M' },
    { 0x041D, 'H' },
    { 0x041E, 'O' },
    { 0x0420, 'P' },
    { 0x0421, 'C' },
    { 0x0422, 'T' },
    { 0x0430, 'a' },
    { 0x0435, 'e' },
    { 0x043E, 'o' },
    { 0x0440, 'p' },
    { 0x0441, 'c' },
};
const size_t kl_homoglyph_table_len = 28;
